date,temp_max,temp_min,precipitation,wind_speed,weather_code,condition,year,month,day
01-01-2020,17.7,2.9,0,12,3,Cold,2020,1,1
02-01-2020,19.5,6.8,0,12.4,2,Pleasant,2020,1,2
03-01-2020,19,8.2,0.1,9.8,51,Light Drizzle,2020,1,3
04-01-2020,18.9,8.8,0.5,9.7,51,Light Drizzle,2020,1,4
05-01-2020,19.8,7.8,0,12.9,3,Cloudy,2020,1,5
06-01-2020,17,10.2,0,11.6,3,Cold,2020,1,6
07-01-2020,17.8,11.1,2.1,13,53,Cold,2020,1,7
08-01-2020,15.3,10.3,17.5,14.5,61,Rainy,2020,1,8
09-01-2020,15.9,7.1,0,16.1,0,Cold,2020,1,9
10-01-2020,16.6,5.8,0,16.1,0,Cold,2020,1,10
11-01-2020,16.9,5.4,0,11.3,3,Cold,2020,1,11
12-01-2020,19.7,5.9,0,10.9,2,Pleasant,2020,1,12
13-01-2020,20.6,9.2,16.6,19.3,63,Rainy,2020,1,13
14-01-2020,18.2,10.4,0.3,11.7,51,Light Drizzle,2020,1,14
15-01-2020,18.6,7.3,0,12.2,1,Pleasant,2020,1,15
16-01-2020,15.8,9.4,11.1,10,61,Rainy,2020,1,16
17-01-2020,17.9,10.2,0.6,11,51,Cold,2020,1,17
18-01-2020,17.2,8.9,0.2,10.9,51,Cold,2020,1,18
19-01-2020,17.5,7.8,0,12.7,0,Cold,2020,1,19
20-01-2020,17.5,7.2,0,12.5,3,Cold,2020,1,20
21-01-2020,18.2,9.3,0,9.5,3,Cloudy,2020,1,21
22-01-2020,18.8,7.4,0,15.1,3,Cloudy,2020,1,22
23-01-2020,17.8,8.4,0,23.2,3,Cold,2020,1,23
24-01-2020,19.2,8.4,0,22.6,3,Cloudy,2020,1,24
25-01-2020,18.2,5.2,0,9.8,2,Pleasant,2020,1,25
26-01-2020,20.2,7.1,0,10.5,3,Cloudy,2020,1,26
27-01-2020,20,8.6,0.4,16.7,51,Light Drizzle,2020,1,27
28-01-2020,19.3,10.9,16,20.7,63,Rainy,2020,1,28
29-01-2020,18.5,10.2,0.5,10.2,51,Light Drizzle,2020,1,29
30-01-2020,18.1,8.4,0,17.8,0,Clear Sky,2020,1,30
31-01-2020,17.5,7.4,0,12.7,0,Cold,2020,1,31
01-02-2020,18.3,7.6,0,12.5,0,Clear Sky,2020,2,1
02-02-2020,18,6.8,0,14.4,0,Cold,2020,2,2
03-02-2020,18.8,6.5,0,11.8,0,Clear Sky,2020,2,3
04-02-2020,19.6,7.2,0,10.4,1,Pleasant,2020,2,4
05-02-2020,19,8.2,0,16,3,Cloudy,2020,2,5
06-02-2020,17.5,6.8,0,11.2,0,Cold,2020,2,6
07-02-2020,18.3,8.1,0.1,12,51,Light Drizzle,2020,2,7
08-02-2020,19.1,7,0,10.7,0,Clear Sky,2020,2,8
09-02-2020,19.8,6.9,0,10.2,3,Cloudy,2020,2,9
10-02-2020,20,7.4,0,11.1,3,Cloudy,2020,2,10
11-02-2020,20.6,7.2,0,11.2,2,Pleasant,2020,2,11
12-02-2020,23.8,9.1,0,19.5,3,Cloudy,2020,2,12
13-02-2020,26.5,13,0,20.6,1,Pleasant,2020,2,13
14-02-2020,24,13.8,0,29,0,Clear Sky,2020,2,14
15-02-2020,24.7,12.2,0,21.3,0,Clear Sky,2020,2,15
16-02-2020,25,10.9,0,12.2,0,Clear Sky,2020,2,16
17-02-2020,25.5,9.1,0,17.7,0,Clear Sky,2020,2,17
18-02-2020,25.4,10.3,0,20.2,1,Pleasant,2020,2,18
19-02-2020,25.1,9.9,0,21.5,3,Cloudy,2020,2,19
20-02-2020,26.3,15,2.1,25.4,55,Heavy Drizzle,2020,2,20
21-02-2020,18.9,13.6,13.4,25.2,63,Rainy,2020,2,21
22-02-2020,21.5,13.9,0.7,11.9,51,Light Drizzle,2020,2,22
23-02-2020,23.2,13.2,2.6,17.8,61,Rainy,2020,2,23
24-02-2020,23.5,12.3,0.1,11.8,51,Light Drizzle,2020,2,24
25-02-2020,24.4,13.1,0,16.3,0,Clear Sky,2020,2,25
26-02-2020,25,12.7,0,11.2,3,Cloudy,2020,2,26
27-02-2020,25.4,13.4,0,12.1,3,Cloudy,2020,2,27
28-02-2020,25.5,15.9,0,19.3,3,Cloudy,2020,2,28
29-02-2020,21.9,16.1,9.1,22.3,63,Rainy,2020,2,29
01-03-2020,24.9,15.1,0,14.8,2,Pleasant,2020,3,1
02-03-2020,25.4,14.8,0.2,9.4,51,Light Drizzle,2020,3,2
03-03-2020,26,13.6,0,10.5,1,Pleasant,2020,3,3
04-03-2020,24.9,13.9,1,17.2,53,Drizzle,2020,3,4
05-03-2020,24.5,14.4,13,27.8,63,Rainy,2020,3,5
06-03-2020,21.3,13.7,23.3,30.4,63,Heavy Rainy,2020,3,6
07-03-2020,20.4,12.8,1.7,18.9,53,Drizzle,2020,3,7
08-03-2020,22.7,11.6,0,16.4,3,Cloudy,2020,3,8
09-03-2020,23.5,11.8,0,20.3,0,Clear Sky,2020,3,9
10-03-2020,23.6,10.1,0,11,3,Cloudy,2020,3,10
11-03-2020,23.9,14.9,2.6,20.9,61,Rainy,2020,3,11
12-03-2020,25.6,14.2,0,21.1,2,Pleasant,2020,3,12
13-03-2020,24.6,13.7,10,23.2,63,Rainy,2020,3,13
14-03-2020,20.6,13.4,4.2,20.4,61,Rainy,2020,3,14
15-03-2020,21.2,11.2,0.1,10.7,51,Light Drizzle,2020,3,15
16-03-2020,23.9,12.8,0,12,3,Cloudy,2020,3,16
17-03-2020,25.6,13.5,0,14.1,0,Clear Sky,2020,3,17
18-03-2020,27.1,14.2,0,14.8,3,Cloudy,2020,3,18
19-03-2020,27.4,15.2,0.2,12.5,51,Light Drizzle,2020,3,19
20-03-2020,29,15.9,0.4,16.7,51,Sunny,2020,3,20
21-03-2020,28.4,15.2,1.6,9.2,61,Sunny,2020,3,21
22-03-2020,28.6,15.5,0,13.8,3,Sunny,2020,3,22
23-03-2020,29.1,16.1,0,9.4,3,Sunny,2020,3,23
24-03-2020,30.1,18.1,0.7,10.8,53,Sunny,2020,3,24
25-03-2020,30.3,17.8,0,21.8,3,Sunny,2020,3,25
26-03-2020,29.6,18.8,0,19.6,3,Sunny,2020,3,26
27-03-2020,25.2,19.2,6,16.2,61,Rainy,2020,3,27
28-03-2020,27.2,16.1,0.1,17.3,51,Light Drizzle,2020,3,28
29-03-2020,28.2,16.4,0,22.5,1,Sunny,2020,3,29
30-03-2020,28.8,15.8,0,19.2,3,Sunny,2020,3,30
31-03-2020,30.1,16.1,0.1,20.1,51,Sunny,2020,3,31
01-04-2020,31.1,17.5,0,13,1,Sunny,2020,4,1
02-04-2020,29.5,17.8,0,20.9,3,Sunny,2020,4,2
03-04-2020,29.4,16.1,0,19.1,2,Sunny,2020,4,3
04-04-2020,31,15.5,0,17.2,0,Sunny,2020,4,4
05-04-2020,31.6,17,0,15.5,2,Sunny,2020,4,5
06-04-2020,33.4,18.4,0,18,3,Sunny,2020,4,6
07-04-2020,32.8,18.4,0.4,19.6,51,Sunny,2020,4,7
08-04-2020,31.5,18.7,0,16.7,2,Sunny,2020,4,8
09-04-2020,31.5,17.5,0,15.8,3,Sunny,2020,4,9
10-04-2020,34,18,0,17.2,3,Sunny,2020,4,10
11-04-2020,35.1,19.1,0,13.8,3,Hot Sunny,2020,4,11
12-04-2020,34.9,20.8,0,15,3,Sunny,2020,4,12
13-04-2020,37,20.8,0,20.6,3,Hot Sunny,2020,4,13
14-04-2020,37.9,22.8,0,22,3,Hot Sunny,2020,4,14
15-04-2020,37.5,25,0,20.6,3,Hot Sunny,2020,4,15
16-04-2020,37.8,23.1,0,16.9,3,Hot Sunny,2020,4,16
17-04-2020,34.7,25.2,0,20.4,3,Sunny,2020,4,17
18-04-2020,35.5,23.5,0,25.1,3,Hot Sunny,2020,4,18
19-04-2020,33.9,22.3,0,14.4,3,Sunny,2020,4,19
20-04-2020,33.8,21.5,0.4,14.5,51,Sunny,2020,4,20
21-04-2020,32.2,19.6,0,14.8,2,Sunny,2020,4,21
22-04-2020,34,20,0,13.8,3,Sunny,2020,4,22
23-04-2020,35.5,24.2,0,20.2,3,Hot Sunny,2020,4,23
24-04-2020,35.4,21.7,0,11.4,1,Hot Sunny,2020,4,24
25-04-2020,33.7,23.6,0.5,17.1,53,Sunny,2020,4,25
26-04-2020,31.8,23.4,1,29.5,53,Sunny,2020,4,26
27-04-2020,30.4,20.8,2.8,21.1,53,Sunny,2020,4,27
28-04-2020,32.2,21.5,0.2,14.8,51,Sunny,2020,4,28
29-04-2020,34.7,21,0,12.6,1,Sunny,2020,4,29
30-04-2020,36.1,24.1,0.2,23.2,51,Hot Sunny,2020,4,30
01-05-2020,38.4,22.4,0,17.3,2,Hot Sunny,2020,5,1
02-05-2020,36.5,24.3,0.9,29.5,53,Hot Sunny,2020,5,2
03-05-2020,34.7,23.5,21.8,25.5,65,Heavy Rainy,2020,5,3
04-05-2020,32.9,21,0,14.6,3,Sunny,2020,5,4
05-05-2020,34.4,23,0,25.6,3,Sunny,2020,5,5
06-05-2020,35.2,21.6,0,18.8,3,Hot Sunny,2020,5,6
07-05-2020,35.8,22,0,17.7,3,Hot Sunny,2020,5,7
08-05-2020,38.1,23.1,0,13.7,3,Hot Sunny,2020,5,8
09-05-2020,39.5,25.2,0,14.7,3,Hot Sunny,2020,5,9
10-05-2020,36.3,24.5,0.8,17.7,53,Hot Sunny,2020,5,10
11-05-2020,35.8,22.8,0.3,15.3,51,Hot Sunny,2020,5,11
12-05-2020,35.5,23,0,17,3,Hot Sunny,2020,5,12
13-05-2020,35.5,25.8,0.3,14.9,51,Hot Sunny,2020,5,13
14-05-2020,36.8,24.1,0,13.2,3,Hot Sunny,2020,5,14
15-05-2020,38.2,24.6,0,20.4,2,Hot Sunny,2020,5,15
16-05-2020,38,24.6,0,18.4,1,Hot Sunny,2020,5,16
17-05-2020,38.7,24.1,0,16,3,Hot Sunny,2020,5,17
18-05-2020,38.7,23.8,0,17.2,2,Hot Sunny,2020,5,18
19-05-2020,38.6,24.6,0,14.3,1,Hot Sunny,2020,5,19
20-05-2020,37.7,23.2,0,21.2,0,Hot Sunny,2020,5,20
21-05-2020,40.2,24,0,22.7,0,Extreme Hot,2020,5,21
22-05-2020,42.1,25.2,0,11.8,0,Extreme Hot,2020,5,22
23-05-2020,41.7,27.6,0,18.1,2,Extreme Hot,2020,5,23
24-05-2020,42.2,27.7,0,23.7,2,Extreme Hot,2020,5,24
25-05-2020,43.2,27.8,0,23.1,0,Extreme Hot,2020,5,25
26-05-2020,44.2,29.6,0,19.7,1,Extreme Hot,2020,5,26
27-05-2020,43.7,28.9,0,17.1,2,Extreme Hot,2020,5,27
28-05-2020,38.2,28.5,0.1,29.8,51,Hot Sunny,2020,5,28
29-05-2020,35,25.9,4.2,27.5,61,Hot Sunny,2020,5,29
30-05-2020,32.7,23.5,5.4,20,63,Rainy,2020,5,30
31-05-2020,32.6,22.9,0.2,16.2,51,Sunny,2020,5,31
01-06-2020,33.2,21.6,0,9.6,3,Sunny,2020,6,1
02-06-2020,34.3,24,0,14.1,3,Sunny,2020,6,2
03-06-2020,35.8,24.1,0,11.3,2,Hot Sunny,2020,6,3
04-06-2020,34.4,24.9,0,11.8,3,Sunny,2020,6,4
05-06-2020,34.4,24.8,0,12.2,1,Sunny,2020,6,5
06-06-2020,34.4,24.4,0,13.1,3,Sunny,2020,6,6
07-06-2020,36.2,26.7,1.2,15,53,Hot Sunny,2020,6,7
08-06-2020,35.5,25.6,0.1,13.2,51,Hot Sunny,2020,6,8
09-06-2020,37.8,26.7,0,12.3,1,Hot Sunny,2020,6,9
10-06-2020,38.4,28.2,0,19.4,1,Hot Sunny,2020,6,10
11-06-2020,37.6,27.7,0,11.6,1,Hot Sunny,2020,6,11
12-06-2020,38.5,28.9,0,16.6,2,Hot Sunny,2020,6,12
13-06-2020,38.5,29.6,0,15.3,3,Hot Sunny,2020,6,13
14-06-2020,38.5,29.2,0,12.1,1,Hot Sunny,2020,6,14
15-06-2020,40,29.2,0,18.2,1,Extreme Hot,2020,6,15
16-06-2020,39.2,28.5,0.1,14.3,51,Hot Sunny,2020,6,16
17-06-2020,39.8,29,0,17.6,1,Hot Sunny,2020,6,17
18-06-2020,41.2,28,0,18.4,2,Extreme Hot,2020,6,18
19-06-2020,40.3,30,0,19.3,2,Extreme Hot,2020,6,19
20-06-2020,39.2,29.5,1.2,19.9,55,Hot Sunny,2020,6,20
21-06-2020,38.6,28.6,0,13.8,2,Hot Sunny,2020,6,21
22-06-2020,36.5,27.6,1,10.9,53,Hot Sunny,2020,6,22
23-06-2020,35.1,28.4,2,21,61,Hot Sunny,2020,6,23
24-06-2020,33,28.2,3.1,15.1,61,Sunny,2020,6,24
25-06-2020,37.1,26.7,0,10.2,3,Hot Sunny,2020,6,25
26-06-2020,36.4,27.9,1.4,18.8,53,Hot Sunny,2020,6,26
27-06-2020,38.3,29.5,0.1,29.5,51,Hot Sunny,2020,6,27
28-06-2020,38.8,30.2,0.2,26.2,51,Hot Sunny,2020,6,28
29-06-2020,39.7,29.7,0.5,24.6,51,Hot Sunny,2020,6,29
30-06-2020,36.3,27.1,0,17.1,3,Hot Sunny,2020,6,30
01-07-2020,38.2,28.5,0,14.2,1,Hot Sunny,2020,7,1
02-07-2020,40.5,29.9,0.1,15.7,51,Extreme Hot,2020,7,2
03-07-2020,41.2,31,0,22.9,2,Extreme Hot,2020,7,3
04-07-2020,37.7,28.6,0,21.4,2,Hot Sunny,2020,7,4
05-07-2020,34.6,24.9,4.1,18.1,63,Sunny,2020,7,5
06-07-2020,34.7,26.5,0.3,16.3,51,Sunny,2020,7,6
07-07-2020,32.9,27.1,1.5,23.8,53,Sunny,2020,7,7
08-07-2020,32.8,25.5,5.4,19,61,Rainy,2020,7,8
09-07-2020,33.5,26.8,2.2,12.8,53,Sunny,2020,7,9
10-07-2020,37.8,28.6,1.6,17,53,Hot Sunny,2020,7,10
11-07-2020,36.3,26,0.9,19.2,53,Hot Sunny,2020,7,11
12-07-2020,35.5,28.8,0.5,14.7,51,Hot Sunny,2020,7,12
13-07-2020,36.2,27.2,0.1,15.3,51,Hot Sunny,2020,7,13
14-07-2020,38.5,28.9,0,13.6,3,Hot Sunny,2020,7,14
15-07-2020,36.4,28,0.1,18.3,51,Hot Sunny,2020,7,15
16-07-2020,33.6,28.2,4.6,21.1,63,Sunny,2020,7,16
17-07-2020,34.8,28.1,10.8,17.7,63,Rainy,2020,7,17
18-07-2020,35.8,27.2,2.5,15.1,53,Hot Sunny,2020,7,18
19-07-2020,34.5,27.1,14.1,17.2,63,Rainy,2020,7,19
20-07-2020,33.3,26.3,15.3,17.4,63,Rainy,2020,7,20
21-07-2020,32.3,25.1,13.5,11.9,63,Rainy,2020,7,21
22-07-2020,30.2,25.2,14.4,15.6,63,Rainy,2020,7,22
23-07-2020,32.8,24.4,0.2,8.4,51,Sunny,2020,7,23
24-07-2020,32.3,26.1,1.6,13.1,53,Sunny,2020,7,24
25-07-2020,32.2,25.8,1.9,14.2,53,Sunny,2020,7,25
26-07-2020,34,25.5,2.6,11.3,61,Sunny,2020,7,26
27-07-2020,34.3,27.8,2.7,16.3,53,Sunny,2020,7,27
28-07-2020,35.5,29.1,0.4,19.6,51,Hot Sunny,2020,7,28
29-07-2020,33.8,27.8,0.1,18.4,51,Sunny,2020,7,29
30-07-2020,31.9,25.8,3.9,12.8,63,Sunny,2020,7,30
31-07-2020,33.1,25.4,8.5,9.5,61,Rainy,2020,7,31
01-08-2020,32.8,26.8,5.6,8.4,63,Rainy,2020,8,1
02-08-2020,35.2,27.5,0.2,15.3,51,Hot Sunny,2020,8,2
03-08-2020,35.9,28.5,1.3,15.5,51,Hot Sunny,2020,8,3
04-08-2020,36.9,27.2,0.9,11.7,53,Hot Sunny,2020,8,4
05-08-2020,33.7,28.1,2.1,19.3,61,Sunny,2020,8,5
06-08-2020,34.8,27.6,0.1,34.1,51,Sunny,2020,8,6
07-08-2020,33.5,27.1,0.9,26.4,51,Sunny,2020,8,7
08-08-2020,34.5,27.4,3.3,8.9,53,Sunny,2020,8,8
09-08-2020,33.3,26.9,22.8,12.9,63,Heavy Rainy,2020,8,9
10-08-2020,31.1,26.5,2.4,13.8,55,Sunny,2020,8,10
11-08-2020,31.8,26.5,15.8,11.7,63,Rainy,2020,8,11
12-08-2020,33.8,26.2,3.4,15.5,53,Sunny,2020,8,12
13-08-2020,27.5,25.8,84.6,12.8,65,Heavy Rainy,2020,8,13
14-08-2020,30.9,25.5,5,19.4,61,Sunny,2020,8,14
15-08-2020,32.3,25.9,2.6,14.6,53,Sunny,2020,8,15
16-08-2020,31.9,26,6.2,14.2,55,Rainy,2020,8,16
17-08-2020,32.8,26.7,2.1,14.2,55,Sunny,2020,8,17
18-08-2020,32.2,27.5,9.7,10.6,63,Rainy,2020,8,18
19-08-2020,29.1,26,16.7,9.4,63,Rainy,2020,8,19
20-08-2020,29.1,24.5,8.8,14.3,61,Rainy,2020,8,20
21-08-2020,32.2,25.9,0.2,18.9,51,Sunny,2020,8,21
22-08-2020,32.6,26.1,0.1,26.6,51,Sunny,2020,8,22
23-08-2020,31.4,25.8,2,25,51,Sunny,2020,8,23
24-08-2020,30.5,25.5,0.8,23.8,51,Sunny,2020,8,24
25-08-2020,31.8,25.5,0.9,16.5,51,Sunny,2020,8,25
26-08-2020,32.2,26,0.9,12.2,51,Sunny,2020,8,26
27-08-2020,31.5,26.6,1.1,12.5,51,Sunny,2020,8,27
28-08-2020,33,26,2.8,13.2,61,Sunny,2020,8,28
29-08-2020,32.5,25.4,1.8,14.2,61,Sunny,2020,8,29
30-08-2020,30.4,26.3,2.4,29.3,53,Sunny,2020,8,30
31-08-2020,31.5,25.2,1.5,21.3,51,Sunny,2020,8,31
01-09-2020,32.3,25.1,1.3,11.5,51,Sunny,2020,9,1
02-09-2020,32.3,25.5,0.8,11.2,51,Sunny,2020,9,2
03-09-2020,31.5,26.1,5.4,17.4,63,Rainy,2020,9,3
04-09-2020,32.3,26.1,2.5,15.5,55,Sunny,2020,9,4
05-09-2020,33,25.8,9.6,9,63,Rainy,2020,9,5
06-09-2020,31.2,25.9,5.3,9.2,55,Rainy,2020,9,6
07-09-2020,32.1,25.9,4.5,7.9,61,Sunny,2020,9,7
08-09-2020,32.9,26,0.4,8.2,51,Sunny,2020,9,8
09-09-2020,34,25.9,0,14.2,2,Sunny,2020,9,9
10-09-2020,34.3,26,0,15,3,Sunny,2020,9,10
11-09-2020,34.8,25.9,0,12.4,3,Sunny,2020,9,11
12-09-2020,34.7,25.5,0,10.1,3,Sunny,2020,9,12
13-09-2020,33.6,25.9,0,10.1,3,Sunny,2020,9,13
14-09-2020,33.7,26.5,0.6,10.7,51,Sunny,2020,9,14
15-09-2020,35.2,26.1,0,15,3,Hot Sunny,2020,9,15
16-09-2020,36.3,26.8,0,13.3,2,Hot Sunny,2020,9,16
17-09-2020,36.6,27.2,0,18.5,3,Hot Sunny,2020,9,17
18-09-2020,37.3,27.4,0,15.6,2,Hot Sunny,2020,9,18
19-09-2020,36.2,26.9,0,12.8,2,Hot Sunny,2020,9,19
20-09-2020,36,26.4,0,16.7,3,Hot Sunny,2020,9,20
21-09-2020,35.6,25.1,0,10.5,0,Hot Sunny,2020,9,21
22-09-2020,33.5,26.7,5.7,16.2,61,Rainy,2020,9,22
23-09-2020,32.7,26.1,2.3,13.5,53,Sunny,2020,9,23
24-09-2020,35.3,25.5,0,16.9,3,Hot Sunny,2020,9,24
25-09-2020,36.6,25.8,0,19.6,2,Hot Sunny,2020,9,25
26-09-2020,34.5,24.2,0,18.1,2,Sunny,2020,9,26
27-09-2020,34.7,24.2,0,12.9,1,Sunny,2020,9,27
28-09-2020,34.8,23.5,0,19.3,0,Sunny,2020,9,28
29-09-2020,34.5,22.4,0,20.7,0,Sunny,2020,9,29
30-09-2020,34.5,22,0,20.7,0,Sunny,2020,9,30
01-10-2020,35.2,22,0,18.6,0,Hot Sunny,2020,10,1
02-10-2020,34.7,21.7,0,13.3,0,Sunny,2020,10,2
03-10-2020,33.7,21,0,14,0,Sunny,2020,10,3
04-10-2020,33.5,18.3,0,14.5,0,Sunny,2020,10,4
05-10-2020,34,20.1,0,19.2,0,Sunny,2020,10,5
06-10-2020,34.1,19.4,0,18,0,Sunny,2020,10,6
07-10-2020,34.5,20.1,0,14,0,Sunny,2020,10,7
08-10-2020,34,19.4,0,13.5,0,Sunny,2020,10,8
09-10-2020,33.5,19.5,0,10.3,0,Sunny,2020,10,9
10-10-2020,33.7,20.5,0,13.2,3,Sunny,2020,10,10
11-10-2020,33.7,20.5,0,14.5,0,Sunny,2020,10,11
12-10-2020,33.2,20.2,0,10.6,0,Sunny,2020,10,12
13-10-2020,34,21.4,0,11,2,Sunny,2020,10,13
14-10-2020,33.1,22.5,0,12.7,2,Sunny,2020,10,14
15-10-2020,33.5,21.8,0,13,1,Sunny,2020,10,15
16-10-2020,32.9,18.5,0,10.5,0,Sunny,2020,10,16
17-10-2020,33.2,21.4,0,9.3,0,Sunny,2020,10,17
18-10-2020,33.2,19.2,0,12.7,0,Sunny,2020,10,18
19-10-2020,32.3,19.3,0,13.7,1,Sunny,2020,10,19
20-10-2020,33,17.2,0,14.7,0,Sunny,2020,10,20
21-10-2020,33.4,17.1,0,11.2,3,Sunny,2020,10,21
22-10-2020,32.5,20.3,0,10.9,3,Sunny,2020,10,22
23-10-2020,32.5,17.7,0,11.7,1,Sunny,2020,10,23
24-10-2020,32.4,18.7,0,12.2,0,Sunny,2020,10,24
25-10-2020,32.8,18.2,0,10.9,0,Sunny,2020,10,25
26-10-2020,32.2,18.5,0,11.3,3,Sunny,2020,10,26
27-10-2020,30.8,16.8,0,15.6,0,Sunny,2020,10,27
28-10-2020,30.2,15.3,0,10.4,0,Sunny,2020,10,28
29-10-2020,30.2,16.6,0,10.6,0,Sunny,2020,10,29
30-10-2020,30,14.4,0,14.2,0,Sunny,2020,10,30
31-10-2020,30.1,15.1,0,16.5,0,Sunny,2020,10,31
01-11-2020,29,14.3,0,16.3,0,Sunny,2020,11,1
02-11-2020,29.4,13.7,0,17.7,0,Sunny,2020,11,2
03-11-2020,29.6,12.8,0,12,0,Sunny,2020,11,3
04-11-2020,29,13.8,0,13.4,0,Sunny,2020,11,4
05-11-2020,30.1,14.6,0,10.2,0,Sunny,2020,11,5
06-11-2020,30.2,13.4,0,10.9,0,Sunny,2020,11,6
07-11-2020,29.5,14.1,0,15.1,0,Sunny,2020,11,7
08-11-2020,29.2,12.6,0,8.9,0,Sunny,2020,11,8
09-11-2020,28.6,12.7,0,11.1,0,Sunny,2020,11,9
10-11-2020,27.7,15.2,0,10.5,1,Pleasant,2020,11,10
11-11-2020,27.7,14.5,0,10.8,0,Clear Sky,2020,11,11
12-11-2020,27.2,13.9,0,11.3,2,Pleasant,2020,11,12
13-11-2020,27.1,13.4,0,8.1,0,Clear Sky,2020,11,13
14-11-2020,27.9,14.2,0,9.1,3,Cloudy,2020,11,14
15-11-2020,29,15.8,4.2,20.1,61,Sunny,2020,11,15
16-11-2020,25.1,16.2,8.2,16.9,63,Rainy,2020,11,16
17-11-2020,24.1,14.4,0,11.7,1,Pleasant,2020,11,17
18-11-2020,23.8,13.5,0,8.5,0,Clear Sky,2020,11,18
19-11-2020,23.2,12.7,0,9.5,2,Pleasant,2020,11,19
20-11-2020,23.5,11.2,0,16.3,0,Clear Sky,2020,11,20
21-11-2020,22.6,11.6,0,21.9,0,Clear Sky,2020,11,21
22-11-2020,22.6,10,0,13,3,Cloudy,2020,11,22
23-11-2020,23.1,9,0,11.3,1,Pleasant,2020,11,23
24-11-2020,23,9.8,0,11.2,3,Cloudy,2020,11,24
25-11-2020,22.1,13.7,0,14.5,3,Cloudy,2020,11,25
26-11-2020,22.5,13.4,0.7,12.3,51,Light Drizzle,2020,11,26
27-11-2020,24.1,12.2,0,15.2,0,Clear Sky,2020,11,27
28-11-2020,23.8,11.2,0,14.9,0,Clear Sky,2020,11,28
29-11-2020,23.4,9.8,0,11.4,1,Pleasant,2020,11,29
30-11-2020,24,10,0,10.7,1,Pleasant,2020,11,30
01-12-2020,24.5,10.1,0,11.2,0,Clear Sky,2020,12,1
02-12-2020,25.6,10.9,0,15,0,Clear Sky,2020,12,2
03-12-2020,25.5,11.6,0,9.4,0,Clear Sky,2020,12,3
04-12-2020,26.8,11.4,0,11.1,0,Clear Sky,2020,12,4
05-12-2020,26.5,13.1,0,11.9,0,Clear Sky,2020,12,5
06-12-2020,26.7,13.6,0,10.4,2,Pleasant,2020,12,6
07-12-2020,26,13,0,12.1,0,Clear Sky,2020,12,7
08-12-2020,25.5,11.7,0,10,0,Clear Sky,2020,12,8
09-12-2020,26,12.4,0,9.7,0,Clear Sky,2020,12,9
10-12-2020,26.2,13.1,0,9.5,0,Clear Sky,2020,12,10
11-12-2020,25.4,13,0.2,9.5,51,Light Drizzle,2020,12,11
12-12-2020,22.9,14.6,0.9,11,51,Light Drizzle,2020,12,12
13-12-2020,21,10.6,0,16.9,0,Clear Sky,2020,12,13
14-12-2020,19.8,8.4,0,13.6,0,Clear Sky,2020,12,14
15-12-2020,18.5,6.3,0,11.3,0,Clear Sky,2020,12,15
16-12-2020,18.8,6.8,0,15,0,Clear Sky,2020,12,16
17-12-2020,16.4,5.2,0,17.1,0,Cold,2020,12,17
18-12-2020,17.9,5.8,0,18.2,0,Cold,2020,12,18
19-12-2020,19.7,6.2,0,17.3,0,Clear Sky,2020,12,19
20-12-2020,20.9,7.1,0,15.3,3,Cloudy,2020,12,20
21-12-2020,19.6,7.9,0,11.3,3,Cloudy,2020,12,21
22-12-2020,21,7.9,0,9.5,3,Cloudy,2020,12,22
23-12-2020,21.2,6.2,0,10.2,0,Clear Sky,2020,12,23
24-12-2020,21.8,6.8,0,11.5,0,Clear Sky,2020,12,24
25-12-2020,20.9,6.4,0,14.5,0,Clear Sky,2020,12,25
26-12-2020,20.1,6.6,0,13,3,Cloudy,2020,12,26
27-12-2020,22,9.3,0.2,21.9,51,Light Drizzle,2020,12,27
28-12-2020,17.8,6.8,0,14.8,2,Cold,2020,12,28
29-12-2020,16.5,5.4,0,16.8,1,Cold,2020,12,29
30-12-2020,16.5,5.1,0,12.8,1,Cold,2020,12,30
31-12-2020,17,4.9,0,11.2,3,Cold,2020,12,31
01-01-2021,18,3.5,0,9.1,3,Cold,2021,1,1
02-01-2021,18.5,9.7,4.5,12.9,61,Rainy,2021,1,2
03-01-2021,21,12.3,8.1,23.4,61,Rainy,2021,1,3
04-01-2021,22.3,12.9,5.6,14.2,61,Rainy,2021,1,4
05-01-2021,21.8,13.9,2.8,14.2,55,Heavy Drizzle,2021,1,5
06-01-2021,21.8,14.8,2.7,13.3,53,Drizzle,2021,1,6
07-01-2021,19.5,11.1,0,12.6,3,Cloudy,2021,1,7
08-01-2021,19,9,0,9.8,3,Cloudy,2021,1,8
09-01-2021,20,11.1,0,16.8,3,Cloudy,2021,1,9
10-01-2021,17.7,8.7,0,15.6,3,Cold,2021,1,10
11-01-2021,17.9,7.3,0,19.9,0,Cold,2021,1,11
12-01-2021,18.2,6.8,0,17.6,0,Clear Sky,2021,1,12
13-01-2021,18.5,5.9,0,15.9,0,Clear Sky,2021,1,13
14-01-2021,18.8,4.8,0,10.3,3,Cloudy,2021,1,14
15-01-2021,19.5,8,0,10.9,3,Cloudy,2021,1,15
16-01-2021,17.1,5.3,0,11.2,3,Cold,2021,1,16
17-01-2021,19,6.7,0,16.2,3,Cloudy,2021,1,17
18-01-2021,18.1,10.4,3,13.6,53,Drizzle,2021,1,18
19-01-2021,21,10.1,0,13.3,1,Pleasant,2021,1,19
20-01-2021,20,10.1,0,17.9,0,Clear Sky,2021,1,20
21-01-2021,20.5,9.3,0,18.9,0,Clear Sky,2021,1,21
22-01-2021,21.2,7.4,0,13.5,0,Clear Sky,2021,1,22
23-01-2021,21,8.9,0,16.5,1,Pleasant,2021,1,23
24-01-2021,19.1,9,0,14.5,1,Pleasant,2021,1,24
25-01-2021,18.2,6.5,0,10.1,0,Clear Sky,2021,1,25
26-01-2021,18.3,7.2,0,13.8,0,Clear Sky,2021,1,26
27-01-2021,18.8,6.6,0,15.6,0,Clear Sky,2021,1,27
28-01-2021,18.1,5.6,0,11.9,0,Clear Sky,2021,1,28
29-01-2021,18.6,5.9,0,16.9,0,Clear Sky,2021,1,29
30-01-2021,19,6.5,0,15.9,2,Pleasant,2021,1,30
31-01-2021,20.5,5.3,0,10.6,0,Clear Sky,2021,1,31
01-02-2021,22.5,7.1,0,11.6,0,Clear Sky,2021,2,1
02-02-2021,23.5,7.6,0,9.1,0,Clear Sky,2021,2,2
03-02-2021,23.9,11.9,0.1,14.8,51,Light Drizzle,2021,2,3
04-02-2021,21.5,10.6,11,18.4,63,Rainy,2021,2,4
05-02-2021,19.7,8.4,0,12.6,3,Cloudy,2021,2,5
06-02-2021,20,8.8,0,16.8,0,Clear Sky,2021,2,6
07-02-2021,21.2,9.6,0,19.4,0,Clear Sky,2021,2,7
08-02-2021,22.4,8.6,0,13.1,1,Pleasant,2021,2,8
09-02-2021,24,10.1,0,12.2,3,Cloudy,2021,2,9
10-02-2021,25.3,11.8,0,10.2,3,Cloudy,2021,2,10
11-02-2021,24,11.3,0,11.1,3,Cloudy,2021,2,11
12-02-2021,24.5,11.2,0,10.9,3,Cloudy,2021,2,12
13-02-2021,24.1,11.6,0,11,3,Cloudy,2021,2,13
14-02-2021,25.6,12.2,0,10.9,3,Cloudy,2021,2,14
15-02-2021,27,12.1,0,10.7,3,Cloudy,2021,2,15
16-02-2021,26.9,12.2,0,11.5,0,Clear Sky,2021,2,16
17-02-2021,25.6,11.6,0,9.2,0,Clear Sky,2021,2,17
18-02-2021,25.5,11.5,0,10.8,3,Cloudy,2021,2,18
19-02-2021,25.5,11.1,0,13.3,1,Pleasant,2021,2,19
20-02-2021,25.9,11.8,0,13,2,Pleasant,2021,2,20
21-02-2021,25.9,11.7,0,15.5,2,Pleasant,2021,2,21
22-02-2021,27.4,12.7,0,17.3,2,Pleasant,2021,2,22
23-02-2021,29.5,13.1,0,10.5,2,Sunny,2021,2,23
24-02-2021,30.1,13.6,0,12.1,0,Sunny,2021,2,24
25-02-2021,30.2,13.6,0,15,0,Sunny,2021,2,25
26-02-2021,30.9,15.5,0,17.9,1,Sunny,2021,2,26
27-02-2021,30.4,19,0,15.5,2,Sunny,2021,2,27
28-02-2021,29.9,16.9,0,15.7,2,Sunny,2021,2,28
01-03-2021,27.5,14.3,0,21.4,0,Clear Sky,2021,3,1
02-03-2021,27.5,14.7,0,25.7,0,Clear Sky,2021,3,2
03-03-2021,29.4,15.1,0,18.8,0,Sunny,2021,3,3
04-03-2021,31.4,15.1,0,10.6,0,Sunny,2021,3,4
05-03-2021,30.1,15.9,0,24.1,0,Sunny,2021,3,5
06-03-2021,30.6,15.3,0,17.8,0,Sunny,2021,3,6
07-03-2021,33.2,15.4,0,18,0,Sunny,2021,3,7
08-03-2021,31.1,19.1,0,23.4,1,Sunny,2021,3,8
09-03-2021,32.2,18.5,0.2,11.6,51,Sunny,2021,3,9
10-03-2021,31,18.4,0.1,13.4,51,Sunny,2021,3,10
11-03-2021,32.6,16.6,0,10.9,0,Sunny,2021,3,11
12-03-2021,30.5,18,0.7,17.6,53,Sunny,2021,3,12
13-03-2021,30.3,16.2,0,11.8,3,Sunny,2021,3,13
14-03-2021,30.1,16.4,0,17.1,3,Sunny,2021,3,14
15-03-2021,31.6,17.6,0,17.3,3,Sunny,2021,3,15
16-03-2021,32.2,17.2,0,18.8,3,Sunny,2021,3,16
17-03-2021,32.9,17.5,0,11.6,3,Sunny,2021,3,17
18-03-2021,33.1,17.5,0,17.7,3,Sunny,2021,3,18
19-03-2021,32.3,19.5,0,17.9,3,Sunny,2021,3,19
20-03-2021,32.5,17.6,0,20.1,1,Sunny,2021,3,20
21-03-2021,33.7,18,0,21.1,2,Sunny,2021,3,21
22-03-2021,33.2,18.9,0,21.9,3,Sunny,2021,3,22
23-03-2021,32.3,20.1,0.5,30.6,51,Sunny,2021,3,23
24-03-2021,31.1,16.9,0,17.6,3,Sunny,2021,3,24
25-03-2021,30.5,16.7,0,23.3,3,Sunny,2021,3,25
26-03-2021,30.9,16.2,0,21.2,0,Sunny,2021,3,26
27-03-2021,32.8,17.8,0,12,0,Sunny,2021,3,27
28-03-2021,35.4,18.6,0,10.4,0,Hot Sunny,2021,3,28
29-03-2021,37.7,21.6,0,13.7,0,Hot Sunny,2021,3,29
30-03-2021,36.7,23.2,0,35.5,0,Hot Sunny,2021,3,30
31-03-2021,34.2,21.9,0,27.9,0,Sunny,2021,3,31
01-04-2021,33.7,19,0,29.2,0,Sunny,2021,4,1
02-04-2021,33.2,17.3,0,15.5,0,Sunny,2021,4,2
03-04-2021,33.8,16.9,0,13.3,0,Sunny,2021,4,3
04-04-2021,35.1,17,0,16.8,1,Hot Sunny,2021,4,4
05-04-2021,38,19.5,0,18.1,3,Hot Sunny,2021,4,5
06-04-2021,37.7,22.6,0,16.5,3,Hot Sunny,2021,4,6
07-04-2021,35.5,21.5,0,19.9,1,Hot Sunny,2021,4,7
08-04-2021,34,20.5,0,15.9,0,Sunny,2021,4,8
09-04-2021,35.2,18.5,0,16.7,3,Hot Sunny,2021,4,9
10-04-2021,36.2,19.4,0,20,0,Hot Sunny,2021,4,10
11-04-2021,37.3,20.2,0,15.6,1,Hot Sunny,2021,4,11
12-04-2021,38,20.8,0,17.2,3,Hot Sunny,2021,4,12
13-04-2021,37.8,22,0,19.8,3,Hot Sunny,2021,4,13
14-04-2021,38.8,22,0,27.2,3,Hot Sunny,2021,4,14
15-04-2021,38.8,23,0,19.6,2,Hot Sunny,2021,4,15
16-04-2021,38.8,22.5,2.6,31,61,Hot Sunny,2021,4,16
17-04-2021,34.2,19.6,0,17.7,3,Sunny,2021,4,17
18-04-2021,35.3,21.3,0,17.2,1,Hot Sunny,2021,4,18
19-04-2021,37.1,21.4,0,19,2,Hot Sunny,2021,4,19
20-04-2021,33.9,22.4,0,29,3,Sunny,2021,4,20
21-04-2021,31.9,19,0,23,3,Sunny,2021,4,21
22-04-2021,33,19.8,0,20.4,1,Sunny,2021,4,22
23-04-2021,34.3,22.5,0,24.5,3,Sunny,2021,4,23
24-04-2021,33.6,18.9,0,18.6,0,Sunny,2021,4,24
25-04-2021,36.7,21,0,20.9,0,Hot Sunny,2021,4,25
26-04-2021,38.8,20.9,0,13.6,0,Hot Sunny,2021,4,26
27-04-2021,41,23.4,0,19.2,1,Extreme Hot,2021,4,27
28-04-2021,41.5,24.2,0,17.7,1,Extreme Hot,2021,4,28
29-04-2021,40.7,25.5,0,23.8,2,Extreme Hot,2021,4,29
30-04-2021,39.7,24.6,0,14.8,3,Hot Sunny,2021,4,30
01-05-2021,39.4,24.9,0,24.1,3,Hot Sunny,2021,5,1
02-05-2021,38.9,26.1,0,21.4,3,Hot Sunny,2021,5,2
03-05-2021,37,25.2,0,16.9,3,Hot Sunny,2021,5,3
04-05-2021,40,26.1,0,20.9,3,Extreme Hot,2021,5,4
05-05-2021,38.6,26.1,0.3,23.2,51,Hot Sunny,2021,5,5
06-05-2021,38.7,24,6.1,22,63,Rainy,2021,5,6
07-05-2021,36.2,21.7,4.1,24,61,Hot Sunny,2021,5,7
08-05-2021,37.4,23.6,0,11.4,3,Hot Sunny,2021,5,8
09-05-2021,37.9,25.2,0,22.3,3,Hot Sunny,2021,5,9
10-05-2021,36.2,25,0.4,16.1,51,Hot Sunny,2021,5,10
11-05-2021,38.4,25,0.1,28.5,51,Hot Sunny,2021,5,11
12-05-2021,35.4,24.2,0.4,18.7,51,Hot Sunny,2021,5,12
13-05-2021,31.6,22.2,1.5,24.5,55,Sunny,2021,5,13
14-05-2021,36.5,22.7,0,14,3,Hot Sunny,2021,5,14
15-05-2021,35.7,24.7,0,13.8,2,Hot Sunny,2021,5,15
16-05-2021,38.6,23.8,0,11.2,2,Hot Sunny,2021,5,16
17-05-2021,37.3,26.5,0,18,3,Hot Sunny,2021,5,17
18-05-2021,29.9,24.5,1.1,21.2,51,Sunny,2021,5,18
19-05-2021,24.3,20.8,98.7,21.8,65,Heavy Rainy,2021,5,19
20-05-2021,29.2,20.4,31.5,21.6,65,Heavy Rainy,2021,5,20
21-05-2021,31.6,20.8,2.3,14.4,61,Sunny,2021,5,21
22-05-2021,33.4,23.8,0,11.2,3,Sunny,2021,5,22
23-05-2021,33.8,22.8,0,17.3,3,Sunny,2021,5,23
24-05-2021,35.2,22.8,0,23.2,0,Hot Sunny,2021,5,24
25-05-2021,37,24.9,0,20.4,0,Hot Sunny,2021,5,25
26-05-2021,37.3,23.4,0,11.8,0,Hot Sunny,2021,5,26
27-05-2021,37.7,23,0,11.8,0,Hot Sunny,2021,5,27
28-05-2021,36.7,24.5,0,20.2,0,Hot Sunny,2021,5,28
29-05-2021,37.1,26.2,0,21.5,0,Hot Sunny,2021,5,29
30-05-2021,36,25.3,0.7,18.8,53,Hot Sunny,2021,5,30
31-05-2021,36.8,26.3,0.1,12,51,Hot Sunny,2021,5,31
01-06-2021,34.3,22.5,0.5,19.9,53,Sunny,2021,6,1
02-06-2021,34.8,23.5,5.4,10.7,61,Rainy,2021,6,2
03-06-2021,35.2,25.2,0,10.2,3,Hot Sunny,2021,6,3
04-06-2021,36,25.2,0,10,3,Hot Sunny,2021,6,4
05-06-2021,36.3,25.8,0.1,16.3,51,Hot Sunny,2021,6,5
06-06-2021,37.5,25.9,0,13.1,1,Hot Sunny,2021,6,6
07-06-2021,39.1,26.7,0,17.7,1,Hot Sunny,2021,6,7
08-06-2021,40.8,29,0,26.2,1,Extreme Hot,2021,6,8
09-06-2021,41.4,31.2,0,20.8,2,Extreme Hot,2021,6,9
10-06-2021,38.1,29.8,0,22.3,2,Hot Sunny,2021,6,10
11-06-2021,37.3,27.4,0,19.1,3,Hot Sunny,2021,6,11
12-06-2021,37.8,28.7,0,21.7,1,Hot Sunny,2021,6,12
13-06-2021,36.7,25.5,7.2,17.2,63,Rainy,2021,6,13
14-06-2021,36.5,26.2,0,12.5,1,Hot Sunny,2021,6,14
15-06-2021,36.8,26.3,4.2,23.8,63,Hot Sunny,2021,6,15
16-06-2021,35.3,25.6,2.3,13.2,61,Hot Sunny,2021,6,16
17-06-2021,34.8,26.1,0.1,14.3,51,Sunny,2021,6,17
18-06-2021,33.7,25.8,0.7,15.6,51,Sunny,2021,6,18
19-06-2021,33.3,25,0.2,17.6,51,Sunny,2021,6,19
20-06-2021,33.3,25.1,1.1,12.7,51,Sunny,2021,6,20
21-06-2021,36,25.2,0.1,12.6,51,Hot Sunny,2021,6,21
22-06-2021,39.2,28.4,0,17.5,3,Hot Sunny,2021,6,22
23-06-2021,40.2,28.8,0,16.9,2,Extreme Hot,2021,6,23
24-06-2021,38.5,28.2,0,19.9,1,Hot Sunny,2021,6,24
25-06-2021,39.7,28.4,1.6,16.2,61,Hot Sunny,2021,6,25
26-06-2021,37.8,26.6,0,12.2,3,Hot Sunny,2021,6,26
27-06-2021,38.5,28.7,0,13.1,1,Hot Sunny,2021,6,27
28-06-2021,39.9,28.6,0,10.3,1,Hot Sunny,2021,6,28
29-06-2021,42.2,29.4,0,19.9,0,Extreme Hot,2021,6,29
30-06-2021,43.2,30.1,0,33.9,3,Extreme Hot,2021,6,30
01-07-2021,41.8,32.2,0,26.7,3,Extreme Hot,2021,7,1
02-07-2021,41.2,31.1,0.1,22.4,51,Extreme Hot,2021,7,2
03-07-2021,39,29.3,0,24.7,3,Hot Sunny,2021,7,3
04-07-2021,40.2,28.5,0,12.7,3,Extreme Hot,2021,7,4
05-07-2021,39.3,29.3,0,13,2,Hot Sunny,2021,7,5
06-07-2021,39.9,29.6,0,15.3,1,Hot Sunny,2021,7,6
07-07-2021,41.3,31.4,0,21.3,2,Extreme Hot,2021,7,7
08-07-2021,40.3,32.2,0,21.2,3,Extreme Hot,2021,7,8
09-07-2021,38.5,28.2,0.2,20.3,51,Hot Sunny,2021,7,9
10-07-2021,38,29.6,1.2,15.8,51,Hot Sunny,2021,7,10
11-07-2021,36.4,28.9,2,26,55,Hot Sunny,2021,7,11
12-07-2021,34,28,4.9,23.1,61,Sunny,2021,7,12
13-07-2021,34,27.2,5.3,15.5,63,Rainy,2021,7,13
14-07-2021,33.5,27.4,9.4,15.6,63,Rainy,2021,7,14
15-07-2021,34.7,27.5,2.5,14.6,55,Sunny,2021,7,15
16-07-2021,34.7,27.5,3.8,13.7,55,Sunny,2021,7,16
17-07-2021,36.8,28.5,0.7,12.7,51,Hot Sunny,2021,7,17
18-07-2021,34.3,27.2,24.9,18.4,63,Heavy Rainy,2021,7,18
19-07-2021,27,25.8,122.7,12.1,65,Heavy Rainy,2021,7,19
20-07-2021,30.6,25.8,27.3,10.9,65,Heavy Rainy,2021,7,20
21-07-2021,32.6,25.8,5.3,11.6,61,Rainy,2021,7,21
22-07-2021,30.5,25.7,5.1,13.7,61,Rainy,2021,7,22
23-07-2021,31.6,25.9,5.8,14.2,61,Rainy,2021,7,23
24-07-2021,33.8,26.8,0.7,12.5,51,Sunny,2021,7,24
25-07-2021,34.3,27.4,0,12.1,3,Sunny,2021,7,25
26-07-2021,30.7,27.9,4.9,12.5,55,Sunny,2021,7,26
27-07-2021,31.4,26.9,14.1,15.6,63,Rainy,2021,7,27
28-07-2021,29,26,18.7,14.3,61,Rainy,2021,7,28
29-07-2021,29.8,25.5,8.2,10.7,61,Rainy,2021,7,29
30-07-2021,30.3,25.6,11,14.4,63,Rainy,2021,7,30
31-07-2021,31.6,25.3,3.3,15.8,55,Sunny,2021,7,31
01-08-2021,32.1,26.5,0.9,11.9,51,Sunny,2021,8,1
02-08-2021,30.1,25.8,25.7,11.7,63,Heavy Rainy,2021,8,2
03-08-2021,31.9,26.1,8.2,17.6,61,Rainy,2021,8,3
04-08-2021,32.2,26,0,18.7,3,Sunny,2021,8,4
05-08-2021,32.8,25.8,0.3,7.9,51,Sunny,2021,8,5
06-08-2021,33.3,26.2,2,7.8,53,Sunny,2021,8,6
07-08-2021,31.6,27.1,8.5,8,63,Rainy,2021,8,7
08-08-2021,31.4,26.4,17.1,8.6,65,Rainy,2021,8,8
09-08-2021,30.7,26.2,3.2,8.6,55,Sunny,2021,8,9
10-08-2021,34.5,26.4,0.7,20.3,51,Sunny,2021,8,10
11-08-2021,34.7,27.8,0,22.3,1,Sunny,2021,8,11
12-08-2021,34.5,26.7,0,19.1,2,Sunny,2021,8,12
13-08-2021,35,27,0,18.9,1,Hot Sunny,2021,8,13
14-08-2021,34.8,27.1,0,22.7,2,Sunny,2021,8,14
15-08-2021,34.8,26.8,0,16,1,Sunny,2021,8,15
16-08-2021,35,26.6,0,11.8,1,Hot Sunny,2021,8,16
17-08-2021,35.4,26.9,0,13.4,2,Hot Sunny,2021,8,17
18-08-2021,35.2,26.5,0,11,3,Hot Sunny,2021,8,18
19-08-2021,34.2,27.2,0.5,13.4,51,Sunny,2021,8,19
20-08-2021,29.2,26.4,2,17.9,51,Sunny,2021,8,20
21-08-2021,29,24.9,30.3,16.3,63,Heavy Rainy,2021,8,21
22-08-2021,31.1,24.9,9.8,14.5,63,Rainy,2021,8,22
23-08-2021,31.6,25.9,5.9,12.3,61,Rainy,2021,8,23
24-08-2021,32,26.5,2.1,9.2,53,Sunny,2021,8,24
25-08-2021,34.2,27.9,0,26.6,3,Sunny,2021,8,25
26-08-2021,33.8,27.2,0,22.7,3,Sunny,2021,8,26
27-08-2021,34,25.8,0,16.2,3,Sunny,2021,8,27
28-08-2021,33.4,26.6,0,11.3,3,Sunny,2021,8,28
29-08-2021,32.3,25.9,1.3,13.2,53,Sunny,2021,8,29
30-08-2021,30.8,25.2,1.2,13.9,51,Sunny,2021,8,30
31-08-2021,31,24.7,5.3,16.4,63,Rainy,2021,8,31
01-09-2021,29.8,24.2,10.7,13.1,63,Rainy,2021,9,1
02-09-2021,31.7,24.6,1.2,8,51,Sunny,2021,9,2
03-09-2021,30.9,25.2,11.3,13.8,63,Rainy,2021,9,3
04-09-2021,30.6,24.9,14.7,10,65,Rainy,2021,9,4
05-09-2021,31.8,25.4,3.8,9.9,55,Sunny,2021,9,5
06-09-2021,32.2,26,4.1,9.7,63,Sunny,2021,9,6
07-09-2021,30.5,25.7,7.6,16.2,63,Rainy,2021,9,7
08-09-2021,30.6,26,2.3,24.8,51,Sunny,2021,9,8
09-09-2021,30.9,24.9,4.4,20.3,55,Sunny,2021,9,9
10-09-2021,30,24.9,16.6,19.4,63,Rainy,2021,9,10
11-09-2021,28.6,23.9,15.3,25.5,63,Rainy,2021,9,11
12-09-2021,29.1,24.5,6.4,13.3,61,Rainy,2021,9,12
13-09-2021,31.5,25.5,7.8,9.2,63,Rainy,2021,9,13
14-09-2021,31.1,25.6,0.3,16,51,Sunny,2021,9,14
15-09-2021,32.2,25.5,0,19.2,3,Sunny,2021,9,15
16-09-2021,32.7,25.2,4.1,21.6,63,Sunny,2021,9,16
17-09-2021,29.1,23.5,1.5,26.6,53,Sunny,2021,9,17
18-09-2021,30.8,24.2,0.1,18.1,51,Sunny,2021,9,18
19-09-2021,31.6,25.1,0.3,13.5,51,Sunny,2021,9,19
20-09-2021,32,24.9,0.7,14,51,Sunny,2021,9,20
21-09-2021,31.1,26,1.7,13.4,53,Sunny,2021,9,21
22-09-2021,29.8,24.5,17.3,14.4,63,Rainy,2021,9,22
23-09-2021,29.4,24.5,6.4,14.8,61,Rainy,2021,9,23
24-09-2021,30.6,24.6,2.1,11.7,53,Sunny,2021,9,24
25-09-2021,30.8,24.5,2.1,9.9,55,Sunny,2021,9,25
26-09-2021,30.5,24,1.5,14.9,51,Sunny,2021,9,26
27-09-2021,31.9,24.5,0.2,8.2,51,Sunny,2021,9,27
28-09-2021,32,25.6,1.7,15.8,61,Sunny,2021,9,28
29-09-2021,31.5,25.1,0.2,16,51,Sunny,2021,9,29
30-09-2021,31.5,25.2,0.7,9,51,Sunny,2021,9,30
01-10-2021,32.2,25.2,0.2,6.6,51,Sunny,2021,10,1
02-10-2021,33,25.5,0.2,12.7,51,Sunny,2021,10,2
03-10-2021,33.4,25.7,0,16.8,1,Sunny,2021,10,3
04-10-2021,32.8,25.8,0.1,11.4,51,Sunny,2021,10,4
05-10-2021,32.2,24.5,2.3,8.8,53,Sunny,2021,10,5
06-10-2021,32.3,25.5,0.1,11,51,Sunny,2021,10,6
07-10-2021,32.4,23.1,0,11.7,0,Sunny,2021,10,7
08-10-2021,33.2,23.2,0,12.5,0,Sunny,2021,10,8
09-10-2021,34.1,23,0,12.6,0,Sunny,2021,10,9
10-10-2021,34.8,22.1,0,9.2,0,Sunny,2021,10,10
11-10-2021,34.7,22.2,0,10.2,0,Sunny,2021,10,11
12-10-2021,34.5,22.6,0,10.8,0,Sunny,2021,10,12
13-10-2021,32.8,21.2,0,19.3,0,Sunny,2021,10,13
14-10-2021,32,19.5,0,17.6,0,Sunny,2021,10,14
15-10-2021,33.1,19.5,0,12.1,0,Sunny,2021,10,15
16-10-2021,33.5,20.9,0,9.7,3,Sunny,2021,10,16
17-10-2021,31,23,3.3,18.1,61,Sunny,2021,10,17
18-10-2021,23.7,20.9,27.4,15.2,65,Heavy Rainy,2021,10,18
19-10-2021,28.9,19.3,0,18.2,0,Sunny,2021,10,19
20-10-2021,30.8,20,0,14.6,0,Sunny,2021,10,20
21-10-2021,29.6,18.1,0,21.8,0,Sunny,2021,10,21
22-10-2021,30.2,20.2,0,18.8,0,Sunny,2021,10,22
23-10-2021,29.6,19.5,0,11.5,1,Sunny,2021,10,23
24-10-2021,27.3,19,0.2,17.3,51,Light Drizzle,2021,10,24
25-10-2021,27.3,17.3,0,10.2,1,Pleasant,2021,10,25
26-10-2021,26.6,16.8,0,13.4,0,Clear Sky,2021,10,26
27-10-2021,27.2,15.6,0,15.2,0,Clear Sky,2021,10,27
28-10-2021,27.4,15.4,0,12.8,0,Clear Sky,2021,10,28
29-10-2021,28.3,14.8,0,9,0,Sunny,2021,10,29
30-10-2021,28.4,15.8,0,18.2,0,Sunny,2021,10,30
31-10-2021,28.9,16.3,0,15.2,0,Sunny,2021,10,31
01-11-2021,28.9,16.1,0,12.2,0,Sunny,2021,11,1
02-11-2021,27.8,16.4,0,14.7,0,Clear Sky,2021,11,2
03-11-2021,28.5,15.6,0,12.9,0,Sunny,2021,11,3
04-11-2021,27.6,15.1,0,9.4,0,Clear Sky,2021,11,4
05-11-2021,27.4,14.8,0,10.1,3,Cloudy,2021,11,5
06-11-2021,28.4,14.6,0,19.9,3,Sunny,2021,11,6
07-11-2021,28.4,15.6,0,13.6,2,Sunny,2021,11,7
08-11-2021,28.7,14.6,0,13.1,3,Sunny,2021,11,8
09-11-2021,28.1,15.3,0,12.3,3,Sunny,2021,11,9
10-11-2021,28.8,13.8,0,12.4,3,Sunny,2021,11,10
11-11-2021,28.2,13.5,0,12,3,Sunny,2021,11,11
12-11-2021,28,14.5,0,12.8,2,Sunny,2021,11,12
13-11-2021,27,12.6,0,12.9,0,Clear Sky,2021,11,13
14-11-2021,26.2,11.7,0,10.3,0,Clear Sky,2021,11,14
15-11-2021,25.8,12.2,0,11.8,0,Clear Sky,2021,11,15
16-11-2021,25.2,11.3,0,11,0,Clear Sky,2021,11,16
17-11-2021,24.6,10.9,0,9.7,3,Cloudy,2021,11,17
18-11-2021,24.5,12,0,6.3,3,Cloudy,2021,11,18
19-11-2021,24.8,11.8,0,8.2,3,Cloudy,2021,11,19
20-11-2021,25.1,15.6,0,9.1,3,Cloudy,2021,11,20
21-11-2021,25.9,13.4,0,13.9,0,Clear Sky,2021,11,21
22-11-2021,26,12.9,0,21.6,0,Clear Sky,2021,11,22
23-11-2021,25.6,12.2,0,15.6,0,Clear Sky,2021,11,23
24-11-2021,26,11.4,0,10.2,0,Clear Sky,2021,11,24
25-11-2021,25.1,11.9,0,8.7,0,Clear Sky,2021,11,25
26-11-2021,25.2,11.8,0,9.3,0,Clear Sky,2021,11,26
27-11-2021,25.2,12.9,0,10.6,1,Pleasant,2021,11,27
28-11-2021,25,13.6,0,9.8,1,Pleasant,2021,11,28
29-11-2021,24.9,11.4,0,15,3,Cloudy,2021,11,29
30-11-2021,24.8,12.5,0,14.7,3,Cloudy,2021,11,30
01-12-2021,21.9,13.4,0,8.9,3,Cloudy,2021,12,1
02-12-2021,19.7,14.1,3.9,11.3,55,Heavy Drizzle,2021,12,2
03-12-2021,22.6,12.8,0,9.2,3,Cloudy,2021,12,3
04-12-2021,24,11.6,0,9.8,0,Clear Sky,2021,12,4
05-12-2021,24.3,13.4,0.5,9.1,53,Drizzle,2021,12,5
06-12-2021,23.2,14.3,1.6,12.9,53,Drizzle,2021,12,6
07-12-2021,22.8,12.6,0,16.3,0,Clear Sky,2021,12,7
08-12-2021,22.1,11.1,0,12.2,0,Clear Sky,2021,12,8
09-12-2021,22,9.3,0,8,0,Clear Sky,2021,12,9
10-12-2021,22.1,10,0,11.9,0,Clear Sky,2021,12,10
11-12-2021,21.6,9.4,0,13.6,3,Cloudy,2021,12,11
12-12-2021,21,8.9,0,8,3,Cloudy,2021,12,12
13-12-2021,19.2,8.2,0,7.1,3,Cloudy,2021,12,13
14-12-2021,20.6,8.8,0,9.4,3,Cloudy,2021,12,14
15-12-2021,20.6,9.2,0,11.3,0,Clear Sky,2021,12,15
16-12-2021,18,9.9,0,16.2,3,Cold,2021,12,16
17-12-2021,17.9,7.9,0,18.3,1,Cold,2021,12,17
18-12-2021,17.8,6.2,0,22,0,Cold,2021,12,18
19-12-2021,17.5,6.1,0,17.5,1,Cold,2021,12,19
20-12-2021,18.1,5.9,0,13.3,3,Cloudy,2021,12,20
21-12-2021,19.5,5.2,0,10.6,3,Cloudy,2021,12,21
22-12-2021,20.1,5.8,0,10.5,3,Cloudy,2021,12,22
23-12-2021,21.1,8.4,0,9.9,3,Cloudy,2021,12,23
24-12-2021,21.4,9.6,0,10.4,3,Cloudy,2021,12,24
25-12-2021,21.1,10.6,0,10.1,3,Cloudy,2021,12,25
26-12-2021,18.4,10.8,4.6,14,55,Heavy Drizzle,2021,12,26
27-12-2021,19.6,10.7,3.2,13.2,61,Rainy,2021,12,27
28-12-2021,19.5,10.4,1.7,8.3,53,Drizzle,2021,12,28
29-12-2021,19,8.4,0,14.8,3,Cloudy,2021,12,29
30-12-2021,17.9,5.2,0,11.5,3,Cold,2021,12,30
31-12-2021,17.8,5,0,10.2,3,Cold,2021,12,31
01-01-2022,18.1,5.7,0,9.7,2,Pleasant,2022,1,1
02-01-2022,18.8,6.8,0,9.1,3,Cloudy,2022,1,2
03-01-2022,20.1,7.4,0,10.4,3,Cloudy,2022,1,3
04-01-2022,22,8.1,0.2,9.3,51,Light Drizzle,2022,1,4
05-01-2022,14.9,11.6,9.6,20.5,55,Rainy,2022,1,5
06-01-2022,18.6,12,0.9,20.4,53,Drizzle,2022,1,6
07-01-2022,19.9,12.7,1.9,19.7,61,Rainy,2022,1,7
08-01-2022,17.1,14.1,16.2,21.8,63,Rainy,2022,1,8
09-01-2022,17,10.4,3.6,14,61,Cold,2022,1,9
10-01-2022,16.9,7.9,0,11.8,1,Cold,2022,1,10
11-01-2022,17.4,7.3,0,13.1,0,Cold,2022,1,11
12-01-2022,17.1,7.6,0,10.1,3,Cold,2022,1,12
13-01-2022,17.4,7.2,0,6.4,3,Cold,2022,1,13
14-01-2022,16.5,6.2,0,11.2,3,Cold,2022,1,14
15-01-2022,16.8,5.8,0,9.8,3,Cold,2022,1,15
16-01-2022,15.8,5.8,0,8.6,3,Cold,2022,1,16
17-01-2022,14.1,4.7,0,6.7,3,Cold,2022,1,17
18-01-2022,16.1,5.3,0,11.5,3,Cold,2022,1,18
19-01-2022,17.7,6.6,0.7,10.1,53,Cold,2022,1,19
20-01-2022,17.7,9.3,0.9,7.6,53,Cold,2022,1,20
21-01-2022,18.4,7.2,0,11.3,3,Cloudy,2022,1,21
22-01-2022,16,11.9,22.8,31.8,63,Heavy Rainy,2022,1,22
23-01-2022,16.6,9.2,3.5,12.1,55,Cold,2022,1,23
24-01-2022,16.2,7.1,0.6,12.6,51,Cold,2022,1,24
25-01-2022,16.4,6.2,0,13.6,3,Cold,2022,1,25
26-01-2022,16.8,6.3,0,16.6,2,Cold,2022,1,26
27-01-2022,17.8,6.9,0,21.1,0,Cold,2022,1,27
28-01-2022,17.9,7.1,0,21.3,0,Cold,2022,1,28
29-01-2022,19.5,6.8,0,12.9,0,Clear Sky,2022,1,29
30-01-2022,20.2,8.9,0,20.3,0,Clear Sky,2022,1,30
31-01-2022,20.9,8.1,0,9.8,0,Clear Sky,2022,1,31
01-02-2022,20.8,8.6,0,14.1,3,Cloudy,2022,2,1
02-02-2022,20.5,8.9,0,20.4,2,Pleasant,2022,2,2
03-02-2022,15.1,10.3,16.6,32.2,63,Rainy,2022,2,3
04-02-2022,16.5,8.2,0.2,19.1,51,Cold,2022,2,4
05-02-2022,16.6,5.7,0,10.2,3,Cold,2022,2,5
06-02-2022,20.5,7.4,0,10,0,Clear Sky,2022,2,6
07-02-2022,22.2,8.2,0,11.2,3,Cloudy,2022,2,7
08-02-2022,22.1,10.6,1.4,9.7,53,Drizzle,2022,2,8
09-02-2022,18.5,10.3,3.6,13.9,61,Rainy,2022,2,9
10-02-2022,20,8,0,19.9,3,Cloudy,2022,2,10
11-02-2022,20.1,9.9,0,23,0,Clear Sky,2022,2,11
12-02-2022,21.1,9.4,0,17.7,0,Clear Sky,2022,2,12
13-02-2022,22.4,8.4,0,11.2,0,Clear Sky,2022,2,13
14-02-2022,23.1,9.1,0,10.7,0,Clear Sky,2022,2,14
15-02-2022,23.2,10.9,0,11.3,0,Clear Sky,2022,2,15
16-02-2022,23.6,10,0,13,0,Clear Sky,2022,2,16
17-02-2022,24.2,10.6,0,13.1,1,Pleasant,2022,2,17
18-02-2022,25,9.9,0,15.5,2,Pleasant,2022,2,18
19-02-2022,24,10.4,0,18.2,0,Clear Sky,2022,2,19
20-02-2022,23.7,12.4,0,24.8,0,Clear Sky,2022,2,20
21-02-2022,24.5,11.1,0,13.3,0,Clear Sky,2022,2,21
22-02-2022,25.4,12.4,0,30.2,3,Cloudy,2022,2,22
23-02-2022,23.8,14.1,0,27.4,3,Cloudy,2022,2,23
24-02-2022,25,12.2,0,12.7,3,Cloudy,2022,2,24
25-02-2022,25,12.6,0,17.9,3,Cloudy,2022,2,25
26-02-2022,23.5,14.3,1.5,25.3,53,Drizzle,2022,2,26
27-02-2022,23.4,12.2,0,14.2,2,Pleasant,2022,2,27
28-02-2022,23,10.9,0,15.4,3,Cloudy,2022,2,28
01-03-2022,24.4,10.6,0,10.5,2,Pleasant,2022,3,1
02-03-2022,25.6,11.3,0,9.6,2,Pleasant,2022,3,2
03-03-2022,26.9,13,1.6,9.4,55,Heavy Drizzle,2022,3,3
04-03-2022,25,13.3,0,16.7,1,Pleasant,2022,3,4
05-03-2022,25.7,13.1,0,19.2,0,Clear Sky,2022,3,5
06-03-2022,26.2,13.9,0,11.3,3,Cloudy,2022,3,6
07-03-2022,28,14.2,0,10.8,3,Sunny,2022,3,7
08-03-2022,29.6,14.2,0,14.3,3,Sunny,2022,3,8
09-03-2022,30.1,15.4,0,17.4,3,Sunny,2022,3,9
10-03-2022,29,16.4,0,19.6,3,Sunny,2022,3,10
11-03-2022,28.9,15.8,0,18.9,0,Sunny,2022,3,11
12-03-2022,30,15.3,0,16.3,0,Sunny,2022,3,12
13-03-2022,31.5,16.9,0,16.7,0,Sunny,2022,3,13
14-03-2022,31.9,16,0,12.9,0,Sunny,2022,3,14
15-03-2022,33.3,18.8,0,15.6,0,Sunny,2022,3,15
16-03-2022,34.6,19.9,0,24.5,3,Sunny,2022,3,16
17-03-2022,33.2,20,0,11.6,2,Sunny,2022,3,17
18-03-2022,34,21.8,0,13.8,2,Sunny,2022,3,18
19-03-2022,34.5,20.4,0,9.8,1,Sunny,2022,3,19
20-03-2022,36.1,21.8,0,13.4,0,Hot Sunny,2022,3,20
21-03-2022,35.8,20.1,0,17,0,Hot Sunny,2022,3,21
22-03-2022,34.9,20.7,0,25,0,Sunny,2022,3,22
23-03-2022,35.2,18.9,0,16.3,2,Hot Sunny,2022,3,23
24-03-2022,34.3,20.7,0,21.3,0,Sunny,2022,3,24
25-03-2022,34.5,19.4,0,21.1,0,Sunny,2022,3,25
26-03-2022,34.7,19.7,0,30.5,0,Sunny,2022,3,26
27-03-2022,36.2,20,0,20.6,0,Hot Sunny,2022,3,27
28-03-2022,37.5,20.1,0,18.1,0,Hot Sunny,2022,3,28
29-03-2022,38.4,19,0,19.2,0,Hot Sunny,2022,3,29
30-03-2022,38.3,20.5,0,12.9,0,Hot Sunny,2022,3,30
31-03-2022,38.7,21.3,0,15,0,Hot Sunny,2022,3,31
01-04-2022,35.9,21.5,0,20.4,0,Hot Sunny,2022,4,1
02-04-2022,37.4,19.9,0,11.6,0,Hot Sunny,2022,4,2
03-04-2022,38.8,21.9,0,14.2,0,Hot Sunny,2022,4,3
04-04-2022,37.8,21.8,0,17.3,3,Hot Sunny,2022,4,4
05-04-2022,38.2,20.8,0,17.9,3,Hot Sunny,2022,4,5
06-04-2022,38.7,20.9,0,19.1,3,Hot Sunny,2022,4,6
07-04-2022,39.3,21.4,0,18.3,0,Hot Sunny,2022,4,7
08-04-2022,40.8,23,0,17.3,0,Extreme Hot,2022,4,8
09-04-2022,41.6,22.4,0,18.3,1,Extreme Hot,2022,4,9
10-04-2022,41,24.1,0,22.7,0,Extreme Hot,2022,4,10
11-04-2022,41.4,24.5,0,17.1,3,Extreme Hot,2022,4,11
12-04-2022,39.8,26,0,17,3,Hot Sunny,2022,4,12
13-04-2022,38.8,23.8,0,17.5,1,Hot Sunny,2022,4,13
14-04-2022,39.2,25.2,0,19,3,Hot Sunny,2022,4,14
15-04-2022,38.8,24,0,19.7,2,Hot Sunny,2022,4,15
16-04-2022,39.5,23.1,0,21.4,1,Hot Sunny,2022,4,16
17-04-2022,40.5,24,0,15.7,2,Extreme Hot,2022,4,17
18-04-2022,41.3,24.1,0,15.1,0,Extreme Hot,2022,4,18
19-04-2022,41.8,25.1,0,24,0,Extreme Hot,2022,4,19
20-04-2022,40.8,27.2,0,24,3,Extreme Hot,2022,4,20
21-04-2022,36.7,26.2,0,26.9,3,Hot Sunny,2022,4,21
22-04-2022,38.3,22.6,0,18.5,0,Hot Sunny,2022,4,22
23-04-2022,39.2,23.8,0,16.3,0,Hot Sunny,2022,4,23
24-04-2022,39.7,24.2,0,29,2,Hot Sunny,2022,4,24
25-04-2022,40.5,25.1,0,19.6,3,Extreme Hot,2022,4,25
26-04-2022,40.6,25,0,22.9,1,Extreme Hot,2022,4,26
27-04-2022,41.2,23.9,0,19.4,0,Extreme Hot,2022,4,27
28-04-2022,43,26,0,15.6,3,Extreme Hot,2022,4,28
29-04-2022,43.5,27,0,22.3,2,Extreme Hot,2022,4,29
30-04-2022,43.2,28.2,0,20.4,1,Extreme Hot,2022,4,30
01-05-2022,41.3,26.4,0,27.5,3,Extreme Hot,2022,5,1
02-05-2022,40.9,26.1,0,22.3,3,Extreme Hot,2022,5,2
03-05-2022,39.4,26.8,0.1,22.2,51,Hot Sunny,2022,5,3
04-05-2022,39.2,26.1,0.2,28,51,Hot Sunny,2022,5,4
05-05-2022,38.2,23.5,0,14.9,1,Hot Sunny,2022,5,5
06-05-2022,39.3,25.6,0,14.8,1,Hot Sunny,2022,5,6
07-05-2022,39.9,26,0,17.8,1,Hot Sunny,2022,5,7
08-05-2022,41.2,25.5,0,18.8,0,Extreme Hot,2022,5,8
09-05-2022,40.2,27.4,0,19.9,1,Extreme Hot,2022,5,9
10-05-2022,39.7,28.1,0,16.8,2,Hot Sunny,2022,5,10
11-05-2022,41.2,27.8,0,20.7,1,Extreme Hot,2022,5,11
12-05-2022,42.7,28.6,0,23.7,1,Extreme Hot,2022,5,12
13-05-2022,43.7,27.8,0,27,1,Extreme Hot,2022,5,13
14-05-2022,44.2,27.6,0,18,0,Extreme Hot,2022,5,14
15-05-2022,45.3,29.5,0,24.7,3,Extreme Hot,2022,5,15
16-05-2022,42,31.5,0,26.1,3,Extreme Hot,2022,5,16
17-05-2022,39.1,28,0.4,27.9,51,Hot Sunny,2022,5,17
18-05-2022,42.3,27.5,0,13.1,2,Extreme Hot,2022,5,18
19-05-2022,43.5,27,0,18.3,0,Extreme Hot,2022,5,19
20-05-2022,45.2,28.1,0,27.8,3,Extreme Hot,2022,5,20
21-05-2022,40.5,29.4,0,23.5,3,Extreme Hot,2022,5,21
22-05-2022,40,25.8,0,25.8,1,Extreme Hot,2022,5,22
23-05-2022,31.5,22,25.5,34.3,65,Heavy Rainy,2022,5,23
24-05-2022,33.1,21.5,0,21,3,Sunny,2022,5,24
25-05-2022,33.2,23,0,9.5,0,Sunny,2022,5,25
26-05-2022,35.5,23.8,0,12.7,0,Hot Sunny,2022,5,26
27-05-2022,38.2,25.6,0,20.2,3,Hot Sunny,2022,5,27
28-05-2022,39.7,27,1.2,14.4,55,Hot Sunny,2022,5,28
29-05-2022,40.6,26.2,0,20.8,2,Extreme Hot,2022,5,29
30-05-2022,40.7,27.5,0.2,32,51,Extreme Hot,2022,5,30
31-05-2022,39.7,25.6,0,19.1,2,Hot Sunny,2022,5,31
01-06-2022,40.5,25.4,0,19.5,1,Extreme Hot,2022,6,1
02-06-2022,41.5,28.4,0,22.7,1,Extreme Hot,2022,6,2
03-06-2022,42.5,27.2,0,18,2,Extreme Hot,2022,6,3
04-06-2022,43.4,26.9,0,16.9,3,Extreme Hot,2022,6,4
05-06-2022,42.9,28.8,0,20.8,3,Extreme Hot,2022,6,5
06-06-2022,42.4,28.4,0,17.4,0,Extreme Hot,2022,6,6
07-06-2022,43.2,29.6,0,24.8,2,Extreme Hot,2022,6,7
08-06-2022,42.5,31.8,0,26,1,Extreme Hot,2022,6,8
09-06-2022,42.8,30.7,0,22,2,Extreme Hot,2022,6,9
10-06-2022,42.1,30.5,0,24.8,2,Extreme Hot,2022,6,10
11-06-2022,43.2,31.1,0,26.7,1,Extreme Hot,2022,6,11
12-06-2022,42.7,30,0,22,1,Extreme Hot,2022,6,12
13-06-2022,43.1,31.6,0,26.1,3,Extreme Hot,2022,6,13
14-06-2022,38.5,31,0,28,3,Hot Sunny,2022,6,14
15-06-2022,41.9,29.4,0,25.6,1,Extreme Hot,2022,6,15
16-06-2022,39,30.6,0.7,22.9,53,Hot Sunny,2022,6,16
17-06-2022,36.5,23.8,11.6,15.7,65,Rainy,2022,6,17
18-06-2022,34.5,24.9,0.9,24.6,53,Sunny,2022,6,18
19-06-2022,32,23.7,9.9,15.8,61,Rainy,2022,6,19
20-06-2022,32.5,22.6,0.1,10.1,51,Sunny,2022,6,20
21-06-2022,32,24.3,9.3,11.2,65,Rainy,2022,6,21
22-06-2022,34.5,24.1,13,12.3,63,Rainy,2022,6,22
23-06-2022,36.7,26.2,0,21,3,Hot Sunny,2022,6,23
24-06-2022,37.4,24.3,0,17.6,0,Hot Sunny,2022,6,24
25-06-2022,38.3,24.9,0,13.1,3,Hot Sunny,2022,6,25
26-06-2022,39.2,28.5,0,20.9,3,Hot Sunny,2022,6,26
27-06-2022,38.7,30.2,0,20.2,3,Hot Sunny,2022,6,27
28-06-2022,41,28,0.9,16.3,53,Extreme Hot,2022,6,28
29-06-2022,41.8,29.3,0,23.1,3,Extreme Hot,2022,6,29
30-06-2022,31.2,26.4,1.4,22.4,51,Sunny,2022,6,30
01-07-2022,32,24.8,1,9.7,51,Sunny,2022,7,1
02-07-2022,35,26.1,2.3,14.3,61,Hot Sunny,2022,7,2
03-07-2022,34.4,25.4,4.5,15.1,61,Sunny,2022,7,3
04-07-2022,35.2,25.9,15.5,9.4,65,Rainy,2022,7,4
05-07-2022,36.3,27,0.2,15.5,51,Hot Sunny,2022,7,5
06-07-2022,35.8,28.5,4,19.8,61,Hot Sunny,2022,7,6
07-07-2022,35.5,27.4,0.5,15.3,51,Hot Sunny,2022,7,7
08-07-2022,36.8,29,0.1,15.9,51,Hot Sunny,2022,7,8
09-07-2022,34,28.6,1.2,18.2,53,Sunny,2022,7,9
10-07-2022,33.2,27.2,7.5,10.7,63,Rainy,2022,7,10
11-07-2022,35,26.9,0.1,8.2,51,Hot Sunny,2022,7,11
12-07-2022,35,28.3,2.7,12.6,61,Hot Sunny,2022,7,12
13-07-2022,35.4,27.8,0.2,13.4,51,Hot Sunny,2022,7,13
14-07-2022,34.7,28,10.6,17.9,63,Rainy,2022,7,14
15-07-2022,36.3,28.9,2.6,18.5,61,Hot Sunny,2022,7,15
16-07-2022,33.6,27.9,20.5,13,65,Heavy Rainy,2022,7,16
17-07-2022,34.2,25.7,10.3,16.8,63,Rainy,2022,7,17
18-07-2022,35.5,25.9,3.2,10.2,63,Hot Sunny,2022,7,18
19-07-2022,35.3,27.4,1.7,18.5,53,Hot Sunny,2022,7,19
20-07-2022,33.4,26.5,26.9,16.7,65,Heavy Rainy,2022,7,20
21-07-2022,30.7,24.6,16.5,10.4,63,Rainy,2022,7,21
22-07-2022,31.3,25.1,5,10.2,61,Sunny,2022,7,22
23-07-2022,30.9,25,15.4,21.1,63,Rainy,2022,7,23
24-07-2022,33.2,25.7,7.8,23,63,Rainy,2022,7,24
25-07-2022,32.5,25.8,9.9,24.7,63,Rainy,2022,7,25
26-07-2022,31.5,25.3,2.8,18.9,55,Sunny,2022,7,26
27-07-2022,32,25.3,4.9,16.6,61,Sunny,2022,7,27
28-07-2022,31.7,25,21.8,11.4,63,Heavy Rainy,2022,7,28
29-07-2022,30.2,24.6,16.9,14.3,63,Rainy,2022,7,29
30-07-2022,31.3,25.4,4.9,10.7,61,Sunny,2022,7,30
31-07-2022,32.9,25.5,1,10.5,51,Sunny,2022,7,31
01-08-2022,31.5,25.1,10,12.2,63,Rainy,2022,8,1
02-08-2022,33.4,25.8,0.3,12.9,51,Sunny,2022,8,2
03-08-2022,32.8,26.5,0.6,12,51,Sunny,2022,8,3
04-08-2022,31.5,26.4,1.7,14,53,Sunny,2022,8,4
05-08-2022,31,24.6,5.7,13.2,63,Rainy,2022,8,5
06-08-2022,32.4,25.6,1.9,6.3,53,Sunny,2022,8,6
07-08-2022,30.7,25.1,18.6,13.8,65,Rainy,2022,8,7
08-08-2022,33.3,24.8,0.2,7.9,51,Sunny,2022,8,8
09-08-2022,33.5,27.4,0.4,17.2,51,Sunny,2022,8,9
10-08-2022,34.5,27.5,0.4,18.5,51,Sunny,2022,8,10
11-08-2022,28.7,26.6,3.8,25.5,55,Sunny,2022,8,11
12-08-2022,33.7,25.1,0.2,26.8,51,Sunny,2022,8,12
13-08-2022,33.2,26.3,0.8,20.9,51,Sunny,2022,8,13
14-08-2022,32.7,26.1,5.5,17.3,63,Rainy,2022,8,14
15-08-2022,31,25.6,1.6,18.4,61,Sunny,2022,8,15
16-08-2022,30.2,25.4,8.4,32.4,63,Rainy,2022,8,16
17-08-2022,32,25.2,0.3,23.2,51,Sunny,2022,8,17
18-08-2022,33.4,25.5,0.8,13.5,51,Sunny,2022,8,18
19-08-2022,34,26.5,0.5,18.4,51,Sunny,2022,8,19
20-08-2022,30.5,24.5,6.8,12.4,63,Rainy,2022,8,20
21-08-2022,33.5,25.6,0.3,10.5,51,Sunny,2022,8,21
22-08-2022,32.9,25.8,6.5,16.2,63,Rainy,2022,8,22
23-08-2022,33.1,25.9,1.2,32.7,53,Sunny,2022,8,23
24-08-2022,32.3,25.8,0.7,19.2,51,Sunny,2022,8,24
25-08-2022,33.6,25,0.5,7,51,Sunny,2022,8,25
26-08-2022,34.8,26.5,0.5,16,51,Sunny,2022,8,26
27-08-2022,35,27.5,1.2,21.1,51,Hot Sunny,2022,8,27
28-08-2022,35.5,27.5,0.1,21.5,51,Hot Sunny,2022,8,28
29-08-2022,34.8,27.2,0.6,14.1,51,Sunny,2022,8,29
30-08-2022,36.8,26.3,0,11.3,3,Hot Sunny,2022,8,30
31-08-2022,36.8,27.7,0.2,19.8,51,Hot Sunny,2022,8,31
01-09-2022,36.8,27.8,0.5,14.5,53,Hot Sunny,2022,9,1
02-09-2022,36.7,27.4,0,13.1,3,Hot Sunny,2022,9,2
03-09-2022,37.7,27.5,0,22.2,1,Hot Sunny,2022,9,3
04-09-2022,36.8,27.7,0,21,1,Hot Sunny,2022,9,4
05-09-2022,36.2,27,0,15.8,2,Hot Sunny,2022,9,5
06-09-2022,37.4,27,0,11.9,2,Hot Sunny,2022,9,6
07-09-2022,37.3,27.1,0,14.6,1,Hot Sunny,2022,9,7
08-09-2022,36.6,26.6,0,12.9,1,Hot Sunny,2022,9,8
09-09-2022,35,27.7,0.2,12.1,51,Hot Sunny,2022,9,9
10-09-2022,34.2,24.8,3.1,16.2,63,Sunny,2022,9,10
11-09-2022,33.6,24.5,3.7,15,63,Sunny,2022,9,11
12-09-2022,35,26.9,1,16.6,53,Hot Sunny,2022,9,12
13-09-2022,34.2,25.1,1.6,28.8,51,Sunny,2022,9,13
14-09-2022,30.5,25.2,6.1,30.2,61,Rainy,2022,9,14
15-09-2022,30.1,24.2,9.2,23.2,63,Rainy,2022,9,15
16-09-2022,30.9,23.4,13.4,15.1,65,Rainy,2022,9,16
17-09-2022,33.5,23.5,0.8,14.5,53,Sunny,2022,9,17
18-09-2022,33.2,23.2,0.4,12.1,51,Sunny,2022,9,18
19-09-2022,33.5,24.7,0,13,1,Sunny,2022,9,19
20-09-2022,32,23.9,2.4,9.3,53,Sunny,2022,9,20
21-09-2022,31.5,24.5,1.7,10.5,53,Sunny,2022,9,21
22-09-2022,26.8,23.6,33.9,17.7,63,Heavy Rainy,2022,9,22
23-09-2022,28,23.5,48.2,17.7,65,Heavy Rainy,2022,9,23
24-09-2022,27,23.4,41.5,22.8,63,Heavy Rainy,2022,9,24
25-09-2022,30.8,23.5,0.9,16,53,Sunny,2022,9,25
26-09-2022,31,22.6,0.1,14.8,51,Sunny,2022,9,26
27-09-2022,31.4,22.6,0,13.5,1,Sunny,2022,9,27
28-09-2022,32.1,22.9,0.2,10.5,51,Sunny,2022,9,28
29-09-2022,31.6,22.8,0,14.8,0,Sunny,2022,9,29
30-09-2022,31.9,23,0,14.3,0,Sunny,2022,9,30
01-10-2022,32.5,23.2,0,12,0,Sunny,2022,10,1
02-10-2022,33.1,22.8,0,13.4,1,Sunny,2022,10,2
03-10-2022,33.2,23,0,22.9,0,Sunny,2022,10,3
04-10-2022,32.7,23.1,0,15.1,3,Sunny,2022,10,4
05-10-2022,31.7,22.9,0.1,14.6,51,Sunny,2022,10,5
06-10-2022,30.7,23.1,0,13.4,3,Sunny,2022,10,6
07-10-2022,26.1,23,1.1,14.8,51,Light Drizzle,2022,10,7
08-10-2022,23.6,21.5,37.2,16.2,63,Heavy Rainy,2022,10,8
09-10-2022,25.9,21,47.1,18.1,65,Heavy Rainy,2022,10,9
10-10-2022,27.7,21.2,1.6,14.9,51,Light Drizzle,2022,10,10
11-10-2022,26.6,20.9,2.7,9.4,53,Drizzle,2022,10,11
12-10-2022,28.3,20,0,10.7,3,Sunny,2022,10,12
13-10-2022,29,19,0,14.1,0,Sunny,2022,10,13
14-10-2022,29.4,19,0,14.8,0,Sunny,2022,10,14
15-10-2022,29.5,18.7,0,12.3,0,Sunny,2022,10,15
16-10-2022,29.9,18.2,0,9.9,0,Sunny,2022,10,16
17-10-2022,30.2,18.2,0,10.8,0,Sunny,2022,10,17
18-10-2022,30.4,18.3,0,10.8,0,Sunny,2022,10,18
19-10-2022,30,18.7,0,12.1,0,Sunny,2022,10,19
20-10-2022,30.2,18.5,1.1,11.2,55,Sunny,2022,10,20
21-10-2022,29.9,17.1,0,9.7,0,Sunny,2022,10,21
22-10-2022,29,18,0,11.8,0,Sunny,2022,10,22
23-10-2022,28.5,15.9,0,8.7,0,Sunny,2022,10,23
24-10-2022,29.4,16.5,0,13,0,Sunny,2022,10,24
25-10-2022,29.2,16.2,0,18.7,0,Sunny,2022,10,25
26-10-2022,29.8,16.9,0,9.1,0,Sunny,2022,10,26
27-10-2022,30,16.9,0,9.4,0,Sunny,2022,10,27
28-10-2022,29.9,17,0,9.6,0,Sunny,2022,10,28
29-10-2022,29.2,17.3,0,8.3,0,Sunny,2022,10,29
30-10-2022,29.5,16.6,0,11.2,0,Sunny,2022,10,30
31-10-2022,29.2,16.1,0,8.4,0,Sunny,2022,10,31
01-11-2022,30,17.2,0,10.3,0,Sunny,2022,11,1
02-11-2022,29.1,17.7,0,13.9,0,Sunny,2022,11,2
03-11-2022,30.4,18,0,13.9,3,Sunny,2022,11,3
04-11-2022,30.6,20.7,0,8.7,3,Sunny,2022,11,4
05-11-2022,29.9,19.5,0,13.2,2,Sunny,2022,11,5
06-11-2022,29.2,19,0,9.4,3,Sunny,2022,11,6
07-11-2022,30.4,18.3,0.6,14.3,53,Sunny,2022,11,7
08-11-2022,28.6,17.7,6.9,25.2,63,Rainy,2022,11,8
09-11-2022,27,16.4,0.1,8.2,51,Light Drizzle,2022,11,9
10-11-2022,25.8,17.2,0,12.8,1,Pleasant,2022,11,10
11-11-2022,26.1,15.5,0,18.3,0,Clear Sky,2022,11,11
12-11-2022,26.2,15.4,0,19.7,0,Clear Sky,2022,11,12
13-11-2022,26.5,14.8,0,19.2,3,Cloudy,2022,11,13
14-11-2022,27.5,15.1,0,15.3,3,Cloudy,2022,11,14
15-11-2022,26.5,15.2,0,11.8,2,Pleasant,2022,11,15
16-11-2022,25,15.8,0,17,0,Clear Sky,2022,11,16
17-11-2022,24.2,13.4,0,21.3,0,Clear Sky,2022,11,17
18-11-2022,24.1,12.1,0,13.1,3,Cloudy,2022,11,18
19-11-2022,24,11.6,0,10,3,Cloudy,2022,11,19
20-11-2022,25,11.6,0,13.2,3,Cloudy,2022,11,20
21-11-2022,25.4,12.4,0,15.6,0,Clear Sky,2022,11,21
22-11-2022,25,12.6,0,14.8,0,Clear Sky,2022,11,22
23-11-2022,24.9,11.6,0,18.3,0,Clear Sky,2022,11,23
24-11-2022,24.9,12.1,0,14.6,0,Clear Sky,2022,11,24
25-11-2022,24.7,11.1,0,11,1,Pleasant,2022,11,25
26-11-2022,24.8,11.6,0,15.1,3,Cloudy,2022,11,26
27-11-2022,24.5,11.1,0,9.7,3,Cloudy,2022,11,27
28-11-2022,24.2,9.9,0,9.1,0,Clear Sky,2022,11,28
29-11-2022,24,10.2,0,9.2,3,Cloudy,2022,11,29
30-11-2022,23.8,11.4,0,9.4,3,Cloudy,2022,11,30
01-12-2022,23.5,11.1,0,11.1,2,Pleasant,2022,12,1
02-12-2022,23.4,10.9,0,8.1,3,Cloudy,2022,12,2
03-12-2022,23.7,10.9,0,7.6,2,Pleasant,2022,12,3
04-12-2022,23.5,11.3,0,12,0,Clear Sky,2022,12,4
05-12-2022,22.3,10.4,0,8.3,0,Clear Sky,2022,12,5
06-12-2022,22.6,10.9,0,17.6,0,Clear Sky,2022,12,6
07-12-2022,23,11.3,0,21.2,0,Clear Sky,2022,12,7
08-12-2022,22.8,10.9,0,15.2,0,Clear Sky,2022,12,8
09-12-2022,23.5,10.7,0,12.6,0,Clear Sky,2022,12,9
10-12-2022,25,10.4,0,11.2,0,Clear Sky,2022,12,10
11-12-2022,25.1,11.5,0,12.1,0,Clear Sky,2022,12,11
12-12-2022,24.6,11.4,0,13.2,0,Clear Sky,2022,12,12
13-12-2022,24.4,11.3,0,20.4,0,Clear Sky,2022,12,13
14-12-2022,22.1,11.1,0,19.4,0,Clear Sky,2022,12,14
15-12-2022,21.5,9,0,17.1,0,Clear Sky,2022,12,15
16-12-2022,21.2,8.6,0,13.1,0,Clear Sky,2022,12,16
17-12-2022,21.6,8.2,0,11.9,0,Clear Sky,2022,12,17
18-12-2022,21.5,8.3,0,9.6,0,Clear Sky,2022,12,18
19-12-2022,21.4,8.9,0,10.1,3,Cloudy,2022,12,19
20-12-2022,20.8,8.6,0,10.1,3,Cloudy,2022,12,20
21-12-2022,20.5,7.6,0,10,0,Clear Sky,2022,12,21
22-12-2022,20.2,8.5,0,10.5,1,Pleasant,2022,12,22
23-12-2022,18.9,7.7,0,10.7,3,Cloudy,2022,12,23
24-12-2022,18.9,8.4,0,15,2,Pleasant,2022,12,24
25-12-2022,17.1,6.5,0,13.7,3,Cold,2022,12,25
26-12-2022,18.4,6.2,0,10.9,0,Clear Sky,2022,12,26
27-12-2022,18.8,7.1,0,18.4,3,Cloudy,2022,12,27
28-12-2022,19.6,7.8,0,19.8,2,Pleasant,2022,12,28
29-12-2022,20.2,9.4,0,12.2,3,Cloudy,2022,12,29
30-12-2022,20.7,11.1,0,13.9,3,Cloudy,2022,12,30
31-12-2022,19,9.6,0,17.3,1,Pleasant,2022,12,31
01-01-2023,18.3,7.8,0,8.7,3,Cloudy,2023,1,1
02-01-2023,18.1,6.2,0,9.2,0,Clear Sky,2023,1,2
03-01-2023,16.5,6,0,9.7,3,Cold,2023,1,3
04-01-2023,16.5,5.4,0,11.2,3,Cold,2023,1,4
05-01-2023,15.4,5.3,0,10.2,3,Cold,2023,1,5
06-01-2023,14.1,4.8,0,10.9,3,Cold,2023,1,6
07-01-2023,15.2,3.8,0,13.2,3,Cold,2023,1,7
08-01-2023,17,5.7,0,14.2,3,Cold,2023,1,8
09-01-2023,17.4,5.7,0,7.7,3,Cold,2023,1,9
10-01-2023,18.4,7.4,0,14.4,3,Cloudy,2023,1,10
11-01-2023,19.6,7.6,0,13.7,3,Cloudy,2023,1,11
12-01-2023,20,9.8,0.1,16,51,Light Drizzle,2023,1,12
13-01-2023,18.5,10.6,18.2,16.6,63,Rainy,2023,1,13
14-01-2023,17,7.9,0,17.1,3,Cold,2023,1,14
15-01-2023,15.2,5.4,0,15.9,2,Cold,2023,1,15
16-01-2023,15.5,3.7,0,13.3,0,Cold,2023,1,16
17-01-2023,16.4,3.5,0,14.4,0,Cold,2023,1,17
18-01-2023,16.5,3.2,0,10.6,2,Cold,2023,1,18
19-01-2023,18.4,6.4,0.3,15.5,51,Light Drizzle,2023,1,19
20-01-2023,19.6,9.6,0,14.9,3,Cloudy,2023,1,20
21-01-2023,20.5,6.9,0,8.7,0,Clear Sky,2023,1,21
22-01-2023,21.6,8.1,0,10.6,3,Cloudy,2023,1,22
23-01-2023,22.8,8.4,0,10,3,Cloudy,2023,1,23
24-01-2023,21.2,13.1,11.3,23.2,65,Rainy,2023,1,24
25-01-2023,21,11.9,1,11.5,51,Light Drizzle,2023,1,25
26-01-2023,19,9.9,0,16.4,3,Cloudy,2023,1,26
27-01-2023,18.5,7.5,0,17.4,0,Clear Sky,2023,1,27
28-01-2023,20.7,6.5,0,15.3,2,Pleasant,2023,1,28
29-01-2023,16.4,8.3,4.2,15.2,63,Cold,2023,1,29
30-01-2023,16.1,10.4,10.2,22.3,63,Rainy,2023,1,30
31-01-2023,20.5,9.6,0,20.7,3,Cloudy,2023,1,31
01-02-2023,19.9,9.4,0,19.7,0,Clear Sky,2023,2,1
02-02-2023,21.5,9.4,0,19.4,0,Clear Sky,2023,2,2
03-02-2023,22.4,9.6,0,16.7,0,Clear Sky,2023,2,3
04-02-2023,22.6,10.3,0,18.7,0,Clear Sky,2023,2,4
05-02-2023,23.2,10.9,0,14.3,0,Clear Sky,2023,2,5
06-02-2023,25.1,10.4,0,11.5,3,Cloudy,2023,2,6
07-02-2023,23.4,13.1,0,18.2,0,Clear Sky,2023,2,7
08-02-2023,22.5,10.1,0,16.1,3,Cloudy,2023,2,8
09-02-2023,25.8,9.9,0,15.3,2,Pleasant,2023,2,9
10-02-2023,25.5,12.9,0,15.9,2,Pleasant,2023,2,10
11-02-2023,25.9,13.3,0,16.6,0,Clear Sky,2023,2,11
12-02-2023,21.9,10.6,0,23.8,0,Clear Sky,2023,2,12
13-02-2023,21,9.8,0,27.9,0,Clear Sky,2023,2,13
14-02-2023,23.5,10.9,0,19.3,1,Pleasant,2023,2,14
15-02-2023,25.6,12.8,0,20.9,0,Clear Sky,2023,2,15
16-02-2023,26.1,11.5,0,11,2,Pleasant,2023,2,16
17-02-2023,26.6,13.3,0,9.9,3,Cloudy,2023,2,17
18-02-2023,26.4,12.5,0,10.5,3,Cloudy,2023,2,18
19-02-2023,27.9,14.8,0,10.4,3,Cloudy,2023,2,19
20-02-2023,30.6,15.2,0,12,3,Sunny,2023,2,20
21-02-2023,29,15.1,0,14.2,3,Sunny,2023,2,21
22-02-2023,28.4,13.4,0,14.1,3,Sunny,2023,2,22
23-02-2023,27.4,13.9,0,18.9,0,Clear Sky,2023,2,23
24-02-2023,27.9,13,0,14.5,3,Cloudy,2023,2,24
25-02-2023,28.4,13.4,0,9.9,1,Sunny,2023,2,25
26-02-2023,29.5,14.4,0,13.1,1,Sunny,2023,2,26
27-02-2023,29.8,15.6,0,15,3,Sunny,2023,2,27
28-02-2023,29.3,14.2,0,15.7,3,Sunny,2023,2,28
01-03-2023,29.7,15.6,0,17.5,3,Sunny,2023,3,1
02-03-2023,30,15.1,0,14.8,2,Sunny,2023,3,2
03-03-2023,30.5,16.8,0,18.1,3,Sunny,2023,3,3
04-03-2023,29.8,17.5,0,17.3,3,Sunny,2023,3,4
05-03-2023,29.6,16.3,0,20.8,2,Sunny,2023,3,5
06-03-2023,28.7,15.9,0,17.9,3,Sunny,2023,3,6
07-03-2023,28.7,15.8,0,13.8,3,Sunny,2023,3,7
08-03-2023,28.1,14.8,0.2,14.5,51,Sunny,2023,3,8
09-03-2023,27.5,15.9,0.5,13.8,53,Drizzle,2023,3,9
10-03-2023,29.1,15.5,0,15.1,0,Sunny,2023,3,10
11-03-2023,30,16.2,0,13,1,Sunny,2023,3,11
12-03-2023,31.9,17,0,11.9,3,Sunny,2023,3,12
13-03-2023,32,17.5,0,15.8,3,Sunny,2023,3,13
14-03-2023,31.5,17.2,0,22.2,2,Sunny,2023,3,14
15-03-2023,32.2,17.2,0,20.4,3,Sunny,2023,3,15
16-03-2023,31.9,19,0.1,23,51,Sunny,2023,3,16
17-03-2023,28.5,19.5,1.7,16.7,61,Sunny,2023,3,17
18-03-2023,26.8,16.7,0.3,22.3,51,Light Drizzle,2023,3,18
19-03-2023,25.1,15.2,0.7,12,51,Light Drizzle,2023,3,19
20-03-2023,23.6,16.1,24.3,17.5,65,Heavy Rainy,2023,3,20
21-03-2023,23,14.6,3.2,10.8,55,Heavy Drizzle,2023,3,21
22-03-2023,26.3,14,0,10.1,3,Cloudy,2023,3,22
23-03-2023,28,15.4,0,14.7,3,Sunny,2023,3,23
24-03-2023,27.5,17.2,15.8,23.1,65,Rainy,2023,3,24
25-03-2023,26.2,17.4,1.1,19.8,53,Drizzle,2023,3,25
26-03-2023,27.5,16.5,0,14,1,Pleasant,2023,3,26
27-03-2023,26.8,15.4,0,18.3,0,Clear Sky,2023,3,27
28-03-2023,28.1,15.2,0,17.4,3,Sunny,2023,3,28
29-03-2023,30.8,16.6,0.2,11.8,51,Sunny,2023,3,29
30-03-2023,30.8,17.5,5.7,20.1,63,Rainy,2023,3,30
31-03-2023,24.1,17,9.4,17.4,63,Rainy,2023,3,31
01-04-2023,25.7,15.1,0.9,12.6,51,Light Drizzle,2023,4,1
02-04-2023,28.3,15.9,0,16.8,2,Sunny,2023,4,2
03-04-2023,31.2,16.4,0,14.8,2,Sunny,2023,4,3
04-04-2023,28,17.2,0.2,15.6,51,Sunny,2023,4,4
05-04-2023,30.2,16.2,0,15.3,0,Sunny,2023,4,5
06-04-2023,31.3,16.6,0,16.5,2,Sunny,2023,4,6
07-04-2023,31.2,17.4,0,15.9,0,Sunny,2023,4,7
08-04-2023,31.8,17.1,0,16.2,0,Sunny,2023,4,8
09-04-2023,33.1,18,0,16.6,0,Sunny,2023,4,9
10-04-2023,33.2,19.7,0,15.5,3,Sunny,2023,4,10
11-04-2023,35.9,19.4,0,25.1,3,Hot Sunny,2023,4,11
12-04-2023,36.3,23,0,24.6,3,Hot Sunny,2023,4,12
13-04-2023,37.2,22.1,0,19.6,3,Hot Sunny,2023,4,13
14-04-2023,37.3,21.8,0,17.2,3,Hot Sunny,2023,4,14
15-04-2023,39.1,22,0,14.5,0,Hot Sunny,2023,4,15
16-04-2023,39.2,22.7,0,18.3,3,Hot Sunny,2023,4,16
17-04-2023,39,24.4,0,15.3,1,Hot Sunny,2023,4,17
18-04-2023,39.1,25.5,0,23.5,3,Hot Sunny,2023,4,18
19-04-2023,37.2,25.1,0,23.1,3,Hot Sunny,2023,4,19
20-04-2023,34.7,23.3,0,15.5,3,Sunny,2023,4,20
21-04-2023,35.2,22.4,0,15.3,3,Hot Sunny,2023,4,21
22-04-2023,35.1,20.8,0,17.2,3,Hot Sunny,2023,4,22
23-04-2023,33.8,20.9,0,19.5,3,Sunny,2023,4,23
24-04-2023,31.9,20,0,17.7,3,Sunny,2023,4,24
25-04-2023,33.2,20.5,0,16.8,3,Sunny,2023,4,25
26-04-2023,35.5,22.1,0,11.9,3,Hot Sunny,2023,4,26
27-04-2023,35.8,23.6,0,18.2,3,Hot Sunny,2023,4,27
28-04-2023,33.5,22.4,0,9.6,3,Sunny,2023,4,28
29-04-2023,33.3,21.8,0.6,18.9,53,Sunny,2023,4,29
30-04-2023,30.4,21.1,1.4,20.2,53,Sunny,2023,4,30
01-05-2023,27.8,19.8,5.4,12.8,61,Rainy,2023,5,1
02-05-2023,28,19.3,5.4,18.4,63,Rainy,2023,5,2
03-05-2023,28.2,19.9,6.8,14.8,63,Rainy,2023,5,3
04-05-2023,29.6,18.7,0,7.8,3,Sunny,2023,5,4
05-05-2023,30.8,20.6,5.4,13.5,63,Rainy,2023,5,5
06-05-2023,35.3,20.7,0,21.7,2,Hot Sunny,2023,5,6
07-05-2023,36,22,0,17.4,1,Hot Sunny,2023,5,7
08-05-2023,36.6,21.9,0,22.2,2,Hot Sunny,2023,5,8
09-05-2023,37.1,21.4,0,21.1,0,Hot Sunny,2023,5,9
10-05-2023,36.5,21.9,0,22.9,0,Hot Sunny,2023,5,10
11-05-2023,38.9,22,0,16.1,0,Hot Sunny,2023,5,11
12-05-2023,41.7,23,0,16,3,Extreme Hot,2023,5,12
13-05-2023,41.5,25,0,13.7,3,Extreme Hot,2023,5,13
14-05-2023,40.5,26.5,0,25,3,Extreme Hot,2023,5,14
15-05-2023,40.5,25.1,0,14.3,1,Extreme Hot,2023,5,15
16-05-2023,38.5,26.8,0,26.2,3,Hot Sunny,2023,5,16
17-05-2023,40.9,26,0,20.6,3,Extreme Hot,2023,5,17
18-05-2023,38,23.9,0,21.6,3,Hot Sunny,2023,5,18
19-05-2023,37.8,25.9,0,21.6,0,Hot Sunny,2023,5,19
20-05-2023,40,24.8,0,24.1,0,Extreme Hot,2023,5,20
21-05-2023,42.4,25.4,0,23,3,Extreme Hot,2023,5,21
22-05-2023,42.1,29.8,0,28,3,Extreme Hot,2023,5,22
23-05-2023,43.6,30,1,28,53,Extreme Hot,2023,5,23
24-05-2023,37.7,26.2,0.2,18.5,51,Hot Sunny,2023,5,24
25-05-2023,33.8,23.4,0.2,19.5,51,Sunny,2023,5,25
26-05-2023,34.5,22.6,0,9.4,3,Sunny,2023,5,26
27-05-2023,33.8,21,19.2,36.1,63,Rainy,2023,5,27
28-05-2023,33.8,24,0.3,18.1,51,Sunny,2023,5,28
29-05-2023,34,22.5,1.2,20,53,Sunny,2023,5,29
30-05-2023,34.1,22.7,0.1,17.4,51,Sunny,2023,5,30
31-05-2023,30.9,21.6,2.9,24.8,61,Sunny,2023,5,31
01-06-2023,33.6,19.9,0.4,16.4,51,Sunny,2023,6,1
02-06-2023,33,22,1.3,17.8,53,Sunny,2023,6,2
03-06-2023,34.8,22.7,0,11.7,3,Sunny,2023,6,3
04-06-2023,36.2,23.9,1.6,13.5,61,Hot Sunny,2023,6,4
05-06-2023,37.1,25.1,0.1,26.8,51,Hot Sunny,2023,6,5
06-06-2023,38.8,24.1,0,19,3,Hot Sunny,2023,6,6
07-06-2023,38.4,25,0,20.5,1,Hot Sunny,2023,6,7
08-06-2023,39.2,25.1,0,21.6,1,Hot Sunny,2023,6,8
09-06-2023,40.8,26,0,21.9,2,Extreme Hot,2023,6,9
10-06-2023,40.3,26.5,0,21.4,2,Extreme Hot,2023,6,10
11-06-2023,39.2,28.1,0,21.9,1,Hot Sunny,2023,6,11
12-06-2023,41,29,0,26.9,1,Extreme Hot,2023,6,12
13-06-2023,41.8,30.2,0,30.6,1,Extreme Hot,2023,6,13
14-06-2023,40.5,30.6,0,30,2,Extreme Hot,2023,6,14
15-06-2023,37.3,30.3,0.4,30.8,51,Hot Sunny,2023,6,15
16-06-2023,38.7,27.4,1.2,28.1,53,Hot Sunny,2023,6,16
17-06-2023,39.3,26.3,0.3,15.2,51,Hot Sunny,2023,6,17
18-06-2023,38.7,28.4,4,17.7,61,Hot Sunny,2023,6,18
19-06-2023,32.3,27.4,6.6,12.9,61,Rainy,2023,6,19
20-06-2023,36.5,26.1,16.6,20.6,65,Rainy,2023,6,20
21-06-2023,35.6,25.6,20.3,18,65,Heavy Rainy,2023,6,21
22-06-2023,36,27.1,2.7,17.2,61,Hot Sunny,2023,6,22
23-06-2023,35.3,26.1,6.1,18.4,63,Rainy,2023,6,23
24-06-2023,34.5,27.6,10.7,17.7,63,Rainy,2023,6,24
25-06-2023,32.3,25.8,13.6,15.2,65,Rainy,2023,6,25
26-06-2023,32.8,25,5.8,7.6,63,Rainy,2023,6,26
27-06-2023,33.5,25.2,8.1,17.7,63,Rainy,2023,6,27
28-06-2023,34,26,12.2,13.5,63,Rainy,2023,6,28
29-06-2023,32.4,25.8,11.7,16.9,63,Rainy,2023,6,29
30-06-2023,33.8,25.2,12.7,13.4,63,Rainy,2023,6,30
01-07-2023,33.7,24.6,1.9,23.2,55,Sunny,2023,7,1
02-07-2023,35.3,25.9,0.9,10.5,53,Hot Sunny,2023,7,2
03-07-2023,36.5,27,4.5,20.7,63,Hot Sunny,2023,7,3
04-07-2023,36.7,26.1,2.5,16.6,61,Hot Sunny,2023,7,4
05-07-2023,33.5,24.4,13,16.3,65,Rainy,2023,7,5
06-07-2023,33,25.2,4.8,14.7,63,Sunny,2023,7,6
07-07-2023,33.2,24.9,10,15.8,63,Rainy,2023,7,7
08-07-2023,29.6,26,34.4,21.9,65,Heavy Rainy,2023,7,8
09-07-2023,30.8,25.1,29.7,16.5,65,Heavy Rainy,2023,7,9
10-07-2023,31,25.8,34.1,13,65,Heavy Rainy,2023,7,10
11-07-2023,33.2,25.1,2.9,11.6,61,Sunny,2023,7,11
12-07-2023,33.5,25.6,9.6,15,63,Rainy,2023,7,12
13-07-2023,33.2,26,5.2,14.7,63,Rainy,2023,7,13
14-07-2023,33.8,25.6,21.1,14.4,65,Heavy Rainy,2023,7,14
15-07-2023,33.2,26,17.7,20.7,65,Rainy,2023,7,15
16-07-2023,32.9,25.1,21.9,12.9,63,Heavy Rainy,2023,7,16
17-07-2023,33.3,26.2,11.8,10.1,63,Rainy,2023,7,17
18-07-2023,31.7,25.4,13.4,15.5,63,Rainy,2023,7,18
19-07-2023,33,26.2,9.3,13,65,Rainy,2023,7,19
20-07-2023,35.2,26.9,23.7,16.8,65,Heavy Rainy,2023,7,20
21-07-2023,35.5,26.5,4.2,15.5,63,Hot Sunny,2023,7,21
22-07-2023,34.3,27.2,6,19.9,63,Rainy,2023,7,22
23-07-2023,34.2,28.2,0.6,21.9,51,Sunny,2023,7,23
24-07-2023,34,27.4,7.8,15.5,63,Rainy,2023,7,24
25-07-2023,34.1,25.5,11.8,14.9,63,Rainy,2023,7,25
26-07-2023,29.6,25.5,18.3,14.3,63,Rainy,2023,7,26
27-07-2023,31.7,26.3,11,8.9,63,Rainy,2023,7,27
28-07-2023,32.8,26.3,27,10.2,63,Heavy Rainy,2023,7,28
29-07-2023,31.4,24.6,11.2,13.5,63,Rainy,2023,7,29
30-07-2023,33.1,25,2.3,14,61,Sunny,2023,7,30
31-07-2023,33.6,25.1,0.8,18.6,51,Sunny,2023,7,31
01-08-2023,34.6,26.9,0.2,18.7,51,Sunny,2023,8,1
02-08-2023,35,27.2,1.4,17.8,53,Hot Sunny,2023,8,2
03-08-2023,34,26.5,9.6,18,65,Rainy,2023,8,3
04-08-2023,31.7,26,11.5,9.4,63,Rainy,2023,8,4
05-08-2023,33.7,26.3,4.8,12.9,61,Sunny,2023,8,5
06-08-2023,34.8,26,1.9,19.8,55,Sunny,2023,8,6
07-08-2023,34.2,27.1,0.1,22,51,Sunny,2023,8,7
08-08-2023,34.3,26.9,0,24.5,3,Sunny,2023,8,8
09-08-2023,34.5,27.4,0,20.2,3,Sunny,2023,8,9
10-08-2023,34,27.2,1.7,17.5,55,Sunny,2023,8,10
11-08-2023,34.5,27.2,1.6,15.7,55,Sunny,2023,8,11
12-08-2023,35.3,28.1,0,20.7,3,Hot Sunny,2023,8,12
13-08-2023,35.5,27.6,0.7,18.8,51,Hot Sunny,2023,8,13
14-08-2023,33.5,26.8,0,13.2,3,Sunny,2023,8,14
15-08-2023,34.7,25.8,0.1,9.7,51,Sunny,2023,8,15
16-08-2023,36,25.6,0.1,16.8,51,Hot Sunny,2023,8,16
17-08-2023,36,27.8,0,20.3,3,Hot Sunny,2023,8,17
18-08-2023,36.1,28.3,0.1,15.1,51,Hot Sunny,2023,8,18
19-08-2023,34.1,26.1,7.4,19.1,63,Rainy,2023,8,19
20-08-2023,35.8,27.8,0.1,18,51,Hot Sunny,2023,8,20
21-08-2023,36.2,28,0.8,14.7,53,Hot Sunny,2023,8,21
22-08-2023,35.3,27.4,12.6,18,63,Rainy,2023,8,22
23-08-2023,29.9,25.6,15.5,20.9,63,Rainy,2023,8,23
24-08-2023,33.2,24.8,0,17,3,Sunny,2023,8,24
25-08-2023,33.9,25.6,0,16.7,3,Sunny,2023,8,25
26-08-2023,34.3,27.3,0,18.9,3,Sunny,2023,8,26
27-08-2023,34.8,27,0.1,23.2,51,Sunny,2023,8,27
28-08-2023,34.8,26.2,2.2,22.5,61,Sunny,2023,8,28
29-08-2023,35,25.8,0,19.3,1,Hot Sunny,2023,8,29
30-08-2023,36.3,26.6,0,15.5,1,Hot Sunny,2023,8,30
31-08-2023,36.4,25.6,0,14.4,1,Hot Sunny,2023,8,31
01-09-2023,37.3,26.6,0,19.3,1,Hot Sunny,2023,9,1
02-09-2023,37.2,27.2,0,23.4,0,Hot Sunny,2023,9,2
03-09-2023,36.7,26.3,0,22,0,Hot Sunny,2023,9,3
04-09-2023,37.3,25.6,0,18.6,0,Hot Sunny,2023,9,4
05-09-2023,36.2,26.5,6.1,12.5,63,Rainy,2023,9,5
06-09-2023,36.2,24.3,1.7,21.4,53,Hot Sunny,2023,9,6
07-09-2023,38.3,27,0,9.6,1,Hot Sunny,2023,9,7
08-09-2023,36.5,25.5,1.3,20.3,55,Hot Sunny,2023,9,8
09-09-2023,32.3,25.4,2.5,25.4,53,Sunny,2023,9,9
10-09-2023,30,24.1,35.3,17.6,65,Heavy Rainy,2023,9,10
11-09-2023,32.1,23.9,1,19.8,53,Sunny,2023,9,11
12-09-2023,33.3,24.4,0,9.6,3,Sunny,2023,9,12
13-09-2023,33.7,26.4,7.4,16.3,63,Rainy,2023,9,13
14-09-2023,34.1,26.6,5.5,15.3,63,Rainy,2023,9,14
15-09-2023,32,25.5,5.7,14.6,61,Rainy,2023,9,15
16-09-2023,31.5,26.4,7.8,23.9,63,Rainy,2023,9,16
17-09-2023,31.6,25.1,6.5,22.5,61,Rainy,2023,9,17
18-09-2023,31.6,24.6,2.1,23.1,61,Sunny,2023,9,18
19-09-2023,33,24.6,0.2,11.5,51,Sunny,2023,9,19
20-09-2023,33,25.5,0.9,9.2,53,Sunny,2023,9,20
21-09-2023,33.5,26,2.6,22,55,Sunny,2023,9,21
22-09-2023,33.2,25.2,0.3,10.5,51,Sunny,2023,9,22
23-09-2023,32.8,25.6,1.4,13.7,53,Sunny,2023,9,23
24-09-2023,32.8,25.3,0.9,14.8,53,Sunny,2023,9,24
25-09-2023,32.9,24.5,0.2,9.4,51,Sunny,2023,9,25
26-09-2023,32.9,24.9,0.2,9.4,51,Sunny,2023,9,26
27-09-2023,33.3,23.3,0,14,0,Sunny,2023,9,27
28-09-2023,33,20.5,0,12.9,3,Sunny,2023,9,28
29-09-2023,33.2,20.4,0,9.7,3,Sunny,2023,9,29
30-09-2023,34.8,22.8,0,17.6,2,Sunny,2023,9,30
01-10-2023,34.5,21.3,0,19.5,2,Sunny,2023,10,1
02-10-2023,33.8,20.1,0,19.9,0,Sunny,2023,10,2
03-10-2023,33.8,20,0,23.4,0,Sunny,2023,10,3
04-10-2023,33.8,18.9,0,21.1,0,Sunny,2023,10,4
05-10-2023,34.2,19.9,0,16.4,0,Sunny,2023,10,5
06-10-2023,35.2,19.9,0,13.7,0,Hot Sunny,2023,10,6
07-10-2023,35,21.5,0,14.4,0,Hot Sunny,2023,10,7
08-10-2023,35.2,24,0,14.9,0,Hot Sunny,2023,10,8
09-10-2023,35.2,24.5,0,16.7,0,Hot Sunny,2023,10,9
10-10-2023,33.5,24.4,2.5,13.1,63,Sunny,2023,10,10
11-10-2023,33.7,21.2,0,15.5,0,Sunny,2023,10,11
12-10-2023,33.2,18.9,0,14.3,0,Sunny,2023,10,12
13-10-2023,34.7,20.2,0,13.4,0,Sunny,2023,10,13
14-10-2023,35,21.5,0,16.1,1,Hot Sunny,2023,10,14
15-10-2023,33.7,22.3,0.1,15.6,51,Sunny,2023,10,15
16-10-2023,29,19.8,9.9,27.6,63,Rainy,2023,10,16
17-10-2023,28.6,18.2,3.3,13.5,61,Sunny,2023,10,17
18-10-2023,29,17.1,0,14.7,0,Sunny,2023,10,18
19-10-2023,28.5,17,0,13.2,0,Sunny,2023,10,19
20-10-2023,29.1,17,0,9.9,0,Sunny,2023,10,20
21-10-2023,29.6,16.7,0,9.8,0,Sunny,2023,10,21
22-10-2023,30.4,17,0,10.8,1,Sunny,2023,10,22
23-10-2023,29.7,17.5,0,11.4,0,Sunny,2023,10,23
24-10-2023,30.5,17.6,0,11,1,Sunny,2023,10,24
25-10-2023,30.6,17,0,14.6,0,Sunny,2023,10,25
26-10-2023,30.5,16.9,0,13,0,Sunny,2023,10,26
27-10-2023,30.4,16.6,0,11.9,3,Sunny,2023,10,27
28-10-2023,30,18.5,0,10,3,Sunny,2023,10,28
29-10-2023,31.4,17.8,0,9.3,3,Sunny,2023,10,29
30-10-2023,31.7,17.5,0,10.7,3,Sunny,2023,10,30
31-10-2023,31,18.5,0,8.9,3,Sunny,2023,10,31
01-11-2023,30.5,18.8,0,10.8,0,Sunny,2023,11,1
02-11-2023,30.2,19,0,10.5,1,Sunny,2023,11,2
03-11-2023,28.5,17.8,1.1,16.8,55,Sunny,2023,11,3
04-11-2023,29.6,15.9,0,16,3,Sunny,2023,11,4
05-11-2023,29.6,16.8,0,11.3,0,Sunny,2023,11,5
06-11-2023,29.5,15.1,0,11.4,1,Sunny,2023,11,6
07-11-2023,30.1,16.3,0,11.4,1,Sunny,2023,11,7
08-11-2023,29.5,16.8,0,10.3,1,Sunny,2023,11,8
09-11-2023,29.2,16.9,0,10.3,1,Sunny,2023,11,9
10-11-2023,26.4,16.1,2.9,19.5,61,Rainy,2023,11,10
11-11-2023,25.2,14.9,0,11.6,0,Clear Sky,2023,11,11
12-11-2023,25.1,13.9,0,11.4,0,Clear Sky,2023,11,12
13-11-2023,25.5,13.2,0,9.8,3,Cloudy,2023,11,13
14-11-2023,25.2,14.1,0,9.8,3,Cloudy,2023,11,14
15-11-2023,25.7,13.1,0,10.2,0,Clear Sky,2023,11,15
16-11-2023,26.2,13,0,8.6,0,Clear Sky,2023,11,16
17-11-2023,26.8,14.3,0,9.9,1,Pleasant,2023,11,17
18-11-2023,26.2,14.6,0,8,1,Pleasant,2023,11,18
19-11-2023,25.6,13.9,0,10.5,1,Pleasant,2023,11,19
20-11-2023,25.5,13.4,0,10.2,0,Clear Sky,2023,11,20
21-11-2023,25.2,13.5,0,16.3,1,Pleasant,2023,11,21
22-11-2023,24.8,13.1,0,13.8,0,Clear Sky,2023,11,22
23-11-2023,24.8,11.3,0,9,0,Clear Sky,2023,11,23
24-11-2023,25.1,13.4,0,10,3,Cloudy,2023,11,24
25-11-2023,25.2,12.4,0,10,3,Cloudy,2023,11,25
26-11-2023,25.5,14.2,0,11.2,3,Cloudy,2023,11,26
27-11-2023,24,15.6,4,23.2,61,Rainy,2023,11,27
28-11-2023,20.5,15.1,3.2,10.2,61,Rainy,2023,11,28
29-11-2023,24.4,13.4,0.4,8.7,51,Light Drizzle,2023,11,29
30-11-2023,21.6,14.1,1,13.3,53,Drizzle,2023,11,30
01-12-2023,24.1,13.8,0.1,8,51,Light Drizzle,2023,12,1
02-12-2023,24.2,13.2,0,8.7,0,Clear Sky,2023,12,2
03-12-2023,24.5,12.1,0.1,10.4,51,Light Drizzle,2023,12,3
04-12-2023,22.9,13.7,0,11.3,2,Pleasant,2023,12,4
05-12-2023,23.2,11.4,0,12.4,0,Clear Sky,2023,12,5
06-12-2023,23.5,11.6,0,11.3,0,Clear Sky,2023,12,6
07-12-2023,24.1,11.6,0,10.2,0,Clear Sky,2023,12,7
08-12-2023,23.8,11.4,0,13.3,0,Clear Sky,2023,12,8
09-12-2023,23.4,10.7,0,13.3,1,Pleasant,2023,12,9
10-12-2023,22.5,10.8,0,18,3,Cloudy,2023,12,10
11-12-2023,22.2,9.1,0,10.1,0,Clear Sky,2023,12,11
12-12-2023,22.8,9.2,0,11.4,0,Clear Sky,2023,12,12
13-12-2023,22.8,10.4,0,10.3,3,Cloudy,2023,12,13
14-12-2023,22.1,9.7,0,16.1,3,Cloudy,2023,12,14
15-12-2023,22,7.4,0,10.2,3,Cloudy,2023,12,15
16-12-2023,22.3,7.7,0,12.1,3,Cloudy,2023,12,16
17-12-2023,22.5,9.4,0,12.6,0,Clear Sky,2023,12,17
18-12-2023,21.5,9.1,0,20.1,0,Clear Sky,2023,12,18
19-12-2023,21.5,8.6,0,17.1,2,Pleasant,2023,12,19
20-12-2023,20.4,7.9,0,11.8,3,Cloudy,2023,12,20
21-12-2023,21.5,8.1,0,13.3,3,Cloudy,2023,12,21
22-12-2023,21.5,7.1,0,9.7,3,Cloudy,2023,12,22
23-12-2023,22,11.1,0.3,9.4,51,Light Drizzle,2023,12,23
24-12-2023,22.9,9.6,0,9.2,2,Pleasant,2023,12,24
25-12-2023,22.9,10.7,0,12.2,0,Clear Sky,2023,12,25
26-12-2023,22.7,9.5,0,8.2,3,Cloudy,2023,12,26
27-12-2023,21.6,8.4,0,10.1,3,Cloudy,2023,12,27
28-12-2023,20.9,9.7,0,10.3,3,Cloudy,2023,12,28
29-12-2023,20.2,8.2,0,6.4,3,Cloudy,2023,12,29
30-12-2023,19,8.9,0,9.3,3,Cloudy,2023,12,30
31-12-2023,18.6,7.6,0,8,3,Cloudy,2023,12,31
01-01-2024,16.1,5.9,0,8.2,3,Cold,2024,1,1
02-01-2024,15.3,4.6,0,8.2,3,Cold,2024,1,2
03-01-2024,15.9,4.8,0,10.4,3,Cold,2024,1,3
04-01-2024,17.9,5.2,0,10.2,3,Cold,2024,1,4
05-01-2024,17.2,7.3,0.1,9.7,51,Cold,2024,1,5
06-01-2024,16.9,6.3,0,9,3,Cold,2024,1,6
07-01-2024,17.5,6.1,0,7.1,3,Cold,2024,1,7
08-01-2024,18.4,5.5,0,8.9,3,Cloudy,2024,1,8
09-01-2024,18,6.2,0,13.9,3,Cold,2024,1,9
10-01-2024,15.8,4.6,0,15,0,Cold,2024,1,10
11-01-2024,15.4,5.6,0,12,3,Cold,2024,1,11
12-01-2024,17.4,5.6,0,12.4,3,Cold,2024,1,12
13-01-2024,18.1,5.8,0,10.2,3,Cloudy,2024,1,13
14-01-2024,18,4.8,0,10,3,Cold,2024,1,14
15-01-2024,16,4.9,0,9,3,Cold,2024,1,15
16-01-2024,17.5,3.8,0,11,3,Cold,2024,1,16
17-01-2024,17.8,4,0,10.7,1,Cold,2024,1,17
18-01-2024,17.5,6,0,8,3,Cold,2024,1,18
19-01-2024,16.8,6.2,0,9.2,3,Cold,2024,1,19
20-01-2024,16,5.1,0,10.3,3,Cold,2024,1,20
21-01-2024,16,5.2,0,14.1,3,Cold,2024,1,21
22-01-2024,16.9,5,0,10.6,3,Cold,2024,1,22
23-01-2024,17.3,4.8,0,8.9,3,Cold,2024,1,23
24-01-2024,18.1,6.3,0,8.3,3,Cloudy,2024,1,24
25-01-2024,17.5,5.6,0,10.4,3,Cold,2024,1,25
26-01-2024,18.5,6,0,11.3,3,Cloudy,2024,1,26
27-01-2024,20.5,6.9,0,16.8,3,Cloudy,2024,1,27
28-01-2024,20.2,6.9,0,13.8,3,Cloudy,2024,1,28
29-01-2024,21.3,9.4,0,12.2,2,Pleasant,2024,1,29
30-01-2024,20.5,10,0,9.4,3,Cloudy,2024,1,30
31-01-2024,20.1,9.9,9,14.5,63,Rainy,2024,1,31
01-02-2024,21.2,12.2,30,21.5,65,Heavy Rainy,2024,2,1
02-02-2024,19.3,8.5,0,15.5,3,Cloudy,2024,2,2
03-02-2024,20.6,8.2,0,11.5,3,Cloudy,2024,2,3
04-02-2024,20.7,12.9,7.1,16.2,63,Rainy,2024,2,4
05-02-2024,19.8,10.3,2.1,12.2,55,Heavy Drizzle,2024,2,5
06-02-2024,18.6,7.4,0,15.6,2,Pleasant,2024,2,6
07-02-2024,18.4,7.9,0,23.7,3,Cloudy,2024,2,7
08-02-2024,19,8.1,0,27.4,3,Cloudy,2024,2,8
09-02-2024,20.5,8.1,0,15.7,0,Clear Sky,2024,2,9
10-02-2024,19.7,7.2,0,11.8,3,Cloudy,2024,2,10
11-02-2024,21.5,8.1,0,9.7,0,Clear Sky,2024,2,11
12-02-2024,21.5,7.7,0,9.7,3,Cloudy,2024,2,12
13-02-2024,21.1,8.4,0,10.5,3,Cloudy,2024,2,13
14-02-2024,22.6,9.6,0,13.6,3,Cloudy,2024,2,14
15-02-2024,23.6,9.7,0,15,0,Clear Sky,2024,2,15
16-02-2024,24.5,8.6,0,12.8,0,Clear Sky,2024,2,16
17-02-2024,24.5,9.6,0,14.9,1,Pleasant,2024,2,17
18-02-2024,27.1,9.9,0,15.9,3,Cloudy,2024,2,18
19-02-2024,26.8,14.7,0,28.5,3,Cloudy,2024,2,19
20-02-2024,27.3,15.2,0.2,20,51,Light Drizzle,2024,2,20
21-02-2024,25.9,12.1,0,17.3,2,Pleasant,2024,2,21
22-02-2024,24,10.9,0,16.7,2,Pleasant,2024,2,22
23-02-2024,22.8,8.5,0,15.2,0,Clear Sky,2024,2,23
24-02-2024,23.4,9.3,0,12.1,3,Cloudy,2024,2,24
25-02-2024,25,10.4,0,17.7,3,Cloudy,2024,2,25
26-02-2024,24.6,11.1,0,12,3,Cloudy,2024,2,26
27-02-2024,24.5,14.1,0.9,16,53,Drizzle,2024,2,27
28-02-2024,24,11.4,0,20.7,0,Clear Sky,2024,2,28
29-02-2024,26.2,12,0,13.2,1,Pleasant,2024,2,29
01-03-2024,26.5,13.9,1.7,16,53,Drizzle,2024,3,1
02-03-2024,24.6,17.2,6.5,33.4,61,Rainy,2024,3,2
03-03-2024,22.7,13.4,10.4,15.4,65,Rainy,2024,3,3
04-03-2024,21.6,11.1,0,14.7,3,Cloudy,2024,3,4
05-03-2024,20.9,8.9,0,15.6,3,Cloudy,2024,3,5
06-03-2024,21,9.1,0,15.3,3,Cloudy,2024,3,6
07-03-2024,24.2,10.1,0,15.1,1,Pleasant,2024,3,7
08-03-2024,25.4,11.3,0,16.8,0,Clear Sky,2024,3,8
09-03-2024,25.2,11.8,0,17.4,3,Cloudy,2024,3,9
10-03-2024,26.5,11.9,0,11.6,3,Cloudy,2024,3,10
11-03-2024,29.5,14.8,0,13.8,3,Sunny,2024,3,11
12-03-2024,29,13.9,0,16.9,1,Sunny,2024,3,12
13-03-2024,29.4,13.9,0.2,18.2,51,Sunny,2024,3,13
14-03-2024,29.2,14.1,0,15.8,1,Sunny,2024,3,14
15-03-2024,27.1,14.3,0,16.9,3,Cloudy,2024,3,15
16-03-2024,27.5,12.6,0,12.9,3,Cloudy,2024,3,16
17-03-2024,28.8,11.8,0,11.5,3,Sunny,2024,3,17
18-03-2024,28.5,12.9,0,13,2,Sunny,2024,3,18
19-03-2024,29.8,13.6,0,16.3,1,Sunny,2024,3,19
20-03-2024,32,14.1,0,11.6,3,Sunny,2024,3,20
21-03-2024,29.1,16.9,0,18.7,3,Sunny,2024,3,21
22-03-2024,32.4,17.8,0,13.3,1,Sunny,2024,3,22
23-03-2024,33.8,18,0,19.6,2,Sunny,2024,3,23
24-03-2024,31,18.5,0.1,35.3,51,Sunny,2024,3,24
25-03-2024,32.8,16.6,0,21.2,2,Sunny,2024,3,25
26-03-2024,33.5,18.5,0,14.2,3,Sunny,2024,3,26
27-03-2024,36.4,21.5,0,20.4,3,Hot Sunny,2024,3,27
28-03-2024,37,21.9,0,16.3,3,Hot Sunny,2024,3,28
29-03-2024,36.5,20.9,0,19.4,3,Hot Sunny,2024,3,29
30-03-2024,35.2,22.8,0,19.2,3,Hot Sunny,2024,3,30
31-03-2024,34.3,20,0,21.4,0,Sunny,2024,3,31
01-04-2024,31.3,18.7,0,20.8,3,Sunny,2024,4,1
02-04-2024,32.9,17,0,21.4,3,Sunny,2024,4,2
03-04-2024,35.8,21.8,0,18.8,3,Hot Sunny,2024,4,3
04-04-2024,36.4,20.5,0,18,3,Hot Sunny,2024,4,4
05-04-2024,35.6,21.2,0,28.2,3,Hot Sunny,2024,4,5
06-04-2024,35,19.6,0,21.3,0,Hot Sunny,2024,4,6
07-04-2024,35.4,17.5,0,21.1,0,Hot Sunny,2024,4,7
08-04-2024,36.8,19,0,20,1,Hot Sunny,2024,4,8
09-04-2024,37.8,19.9,0,16.6,3,Hot Sunny,2024,4,9
10-04-2024,38.5,19.8,0,13.4,3,Hot Sunny,2024,4,10
11-04-2024,38,22.1,0,14.2,2,Hot Sunny,2024,4,11
12-04-2024,38.8,21.8,0,11.3,3,Hot Sunny,2024,4,12
13-04-2024,38.5,25.3,1.2,16,53,Hot Sunny,2024,4,13
14-04-2024,33.8,22.8,0.5,15.5,51,Sunny,2024,4,14
15-04-2024,36.3,22.2,1.3,20.9,55,Hot Sunny,2024,4,15
16-04-2024,35.7,23.5,0,21.6,3,Hot Sunny,2024,4,16
17-04-2024,35.3,22.2,0,29.3,3,Hot Sunny,2024,4,17
18-04-2024,37.8,23.6,0,17.3,3,Hot Sunny,2024,4,18
19-04-2024,38.3,24.6,0,18.9,3,Hot Sunny,2024,4,19
20-04-2024,36.7,22.3,0,21.1,3,Hot Sunny,2024,4,20
21-04-2024,36.6,23.6,0,17.6,3,Hot Sunny,2024,4,21
22-04-2024,37,24.5,0,25.5,3,Hot Sunny,2024,4,22
23-04-2024,38,22.6,0,23.2,1,Hot Sunny,2024,4,23
24-04-2024,36.8,21,0,21.9,0,Hot Sunny,2024,4,24
25-04-2024,38.2,21.5,0,23.7,2,Hot Sunny,2024,4,25
26-04-2024,39.2,23.4,0,32.9,3,Hot Sunny,2024,4,26
27-04-2024,37.8,26,0,21.3,3,Hot Sunny,2024,4,27
28-04-2024,37.5,22.7,0,17,3,Hot Sunny,2024,4,28
29-04-2024,38,23.6,0,23.7,2,Hot Sunny,2024,4,29
30-04-2024,36.2,23.2,0,19,0,Hot Sunny,2024,4,30
01-05-2024,32.7,20.5,0,23.6,0,Sunny,2024,5,1
02-05-2024,35,19.3,0,19.5,3,Hot Sunny,2024,5,2
03-05-2024,38,20.7,0,23.9,3,Hot Sunny,2024,5,3
04-05-2024,40.5,26.5,0,16.4,3,Extreme Hot,2024,5,4
05-05-2024,40.9,25,0,19.2,2,Extreme Hot,2024,5,5
06-05-2024,40.6,26,0,23.6,2,Extreme Hot,2024,5,6
07-05-2024,41.4,26.1,0,18.1,1,Extreme Hot,2024,5,7
08-05-2024,39.7,27,0,21.1,3,Hot Sunny,2024,5,8
09-05-2024,39.6,26.2,0,25.3,2,Hot Sunny,2024,5,9
10-05-2024,39.5,26,1.1,20.9,51,Hot Sunny,2024,5,10
11-05-2024,38.8,26,0.1,18.5,51,Hot Sunny,2024,5,11
12-05-2024,37.8,27.5,0.1,15.9,51,Hot Sunny,2024,5,12
13-05-2024,40.3,27.2,0,16.4,3,Extreme Hot,2024,5,13
14-05-2024,40.7,24.5,0,20.5,3,Extreme Hot,2024,5,14
15-05-2024,42.2,25.4,0,17.8,0,Extreme Hot,2024,5,15
16-05-2024,42.7,26.5,0,18,0,Extreme Hot,2024,5,16
17-05-2024,44,28,0,16.3,2,Extreme Hot,2024,5,17
18-05-2024,44,27,0,26.6,1,Extreme Hot,2024,5,18
19-05-2024,44.8,27.7,0,26.4,1,Extreme Hot,2024,5,19
20-05-2024,43.6,29.1,0,28.3,3,Extreme Hot,2024,5,20
21-05-2024,42.6,29.1,0,15.8,0,Extreme Hot,2024,5,21
22-05-2024,41.1,29.8,0.3,24.4,51,Extreme Hot,2024,5,22
23-05-2024,41,30.5,0,22.9,1,Extreme Hot,2024,5,23
24-05-2024,40.8,30.4,0,20.6,0,Extreme Hot,2024,5,24
25-05-2024,44.3,30.5,0,27.4,1,Extreme Hot,2024,5,25
26-05-2024,46,29.5,0,25.9,0,Extreme Hot,2024,5,26
27-05-2024,45.7,30.1,0,22.1,1,Extreme Hot,2024,5,27
28-05-2024,45.8,28.9,0,19.2,0,Extreme Hot,2024,5,28
29-05-2024,45.7,31.1,0,17.9,3,Extreme Hot,2024,5,29
30-05-2024,45.8,33,0,25.2,3,Extreme Hot,2024,5,30
31-05-2024,45.8,28.5,0,25.5,2,Extreme Hot,2024,5,31
01-06-2024,44,31.3,0,26.4,3,Extreme Hot,2024,6,1
02-06-2024,41.4,30.5,0,20.7,3,Extreme Hot,2024,6,2
03-06-2024,44.4,29.5,0,20.2,2,Extreme Hot,2024,6,3
04-06-2024,43.1,30.9,0,24.1,1,Extreme Hot,2024,6,4
05-06-2024,41.7,30.1,0,25.4,2,Extreme Hot,2024,6,5
06-06-2024,40.8,28.1,0,20,1,Extreme Hot,2024,6,6
07-06-2024,42.2,28.9,0,22.4,3,Extreme Hot,2024,6,7
08-06-2024,40.2,28.3,0,25.6,3,Extreme Hot,2024,6,8
09-06-2024,42.2,28.3,0,19.8,0,Extreme Hot,2024,6,9
10-06-2024,43,27.9,0,22.2,2,Extreme Hot,2024,6,10
11-06-2024,43.2,28.9,0,20,1,Extreme Hot,2024,6,11
12-06-2024,44.1,28.8,0,18.2,0,Extreme Hot,2024,6,12
13-06-2024,44.8,29.6,0,28.1,1,Extreme Hot,2024,6,13
14-06-2024,43.3,32.8,0,31.5,3,Extreme Hot,2024,6,14
15-06-2024,43.3,32.2,0,28.3,0,Extreme Hot,2024,6,15
16-06-2024,44,32.8,0,25.1,0,Extreme Hot,2024,6,16
17-06-2024,44,33.7,0,26.8,1,Extreme Hot,2024,6,17
18-06-2024,44.2,34.5,0,30.9,1,Extreme Hot,2024,6,18
19-06-2024,41.3,33.7,0.8,32.1,53,Extreme Hot,2024,6,19
20-06-2024,39.2,25.5,4.9,14.5,63,Hot Sunny,2024,6,20
21-06-2024,38.2,25.4,2.1,28.2,61,Hot Sunny,2024,6,21
22-06-2024,38.5,29.9,0,12.3,3,Hot Sunny,2024,6,22
23-06-2024,39.5,30.1,0.3,15.5,51,Hot Sunny,2024,6,23
24-06-2024,39.5,31,1.7,15.1,61,Hot Sunny,2024,6,24
25-06-2024,36.6,29.8,4,15.3,63,Hot Sunny,2024,6,25
26-06-2024,34.3,26.8,23.3,19.4,65,Heavy Rainy,2024,6,26
27-06-2024,30.4,25.4,11.5,21.7,63,Rainy,2024,6,27
28-06-2024,30.5,25.6,20.9,14.8,63,Heavy Rainy,2024,6,28
29-06-2024,32.9,26.5,18.9,11.7,63,Rainy,2024,6,29
30-06-2024,34.8,26.8,11.9,15.6,65,Rainy,2024,6,30
01-07-2024,34.1,25.9,11.5,11.8,63,Rainy,2024,7,1
02-07-2024,33.6,26.4,14.1,14.9,63,Rainy,2024,7,2
03-07-2024,32.9,26,2.5,16.1,53,Sunny,2024,7,3
04-07-2024,31.6,25.5,7.3,11.3,61,Rainy,2024,7,4
05-07-2024,30.4,26.2,0.7,16.2,51,Sunny,2024,7,5
06-07-2024,33,26,1,15.8,51,Sunny,2024,7,6
07-07-2024,33.5,25.5,0.1,14.2,51,Sunny,2024,7,7
08-07-2024,33.2,25.2,0,11.4,3,Sunny,2024,7,8
09-07-2024,32.4,26.1,4.9,11.4,61,Sunny,2024,7,9
10-07-2024,34.1,26.5,11.3,14.8,63,Rainy,2024,7,10
11-07-2024,36.3,26.8,3.9,21,61,Hot Sunny,2024,7,11
12-07-2024,35.2,27,0.5,23.4,51,Hot Sunny,2024,7,12
13-07-2024,34.2,25.1,12.4,11.7,65,Rainy,2024,7,13
14-07-2024,34.8,27,0.3,8.5,51,Sunny,2024,7,14
15-07-2024,33.2,25.5,3,21.4,55,Sunny,2024,7,15
16-07-2024,34.2,25.6,17,15.5,63,Rainy,2024,7,16
17-07-2024,34.7,28.1,0.2,13.7,51,Sunny,2024,7,17
18-07-2024,34.7,27.6,2,12.1,53,Sunny,2024,7,18
19-07-2024,34.4,27.2,0.9,12,51,Sunny,2024,7,19
20-07-2024,35,27,0.2,13,51,Hot Sunny,2024,7,20
21-07-2024,34.8,27.2,1.9,16.3,55,Sunny,2024,7,21
22-07-2024,34.6,27.8,5,10.9,63,Sunny,2024,7,22
23-07-2024,34.8,27,4.3,14.9,63,Sunny,2024,7,23
24-07-2024,33.7,26.4,6.9,9.5,63,Rainy,2024,7,24
25-07-2024,34.7,27.2,0.6,11.1,51,Sunny,2024,7,25
26-07-2024,33,27.4,10.2,13,63,Rainy,2024,7,26
27-07-2024,34,28,4.5,16.1,63,Sunny,2024,7,27
28-07-2024,35.1,28.6,6,15.7,63,Rainy,2024,7,28
29-07-2024,35.7,28.3,0.3,15.8,51,Hot Sunny,2024,7,29
30-07-2024,36.4,29,0.1,13.7,51,Hot Sunny,2024,7,30
31-07-2024,37,26.5,116,17.4,65,Heavy Rainy,2024,7,31
01-08-2024,31.2,25.5,34.7,17.8,65,Heavy Rainy,2024,8,1
02-08-2024,32.2,25.5,3,17.6,55,Sunny,2024,8,2
03-08-2024,32.4,26,1.9,20.9,53,Sunny,2024,8,3
04-08-2024,33.5,26.9,0.1,25.9,51,Sunny,2024,8,4
05-08-2024,32.6,26.4,1.2,31,51,Sunny,2024,8,5
06-08-2024,31.8,26.4,0.1,14.7,51,Sunny,2024,8,6
07-08-2024,30,25.5,16.4,11.2,63,Rainy,2024,8,7
08-08-2024,31.5,25.5,10.8,12.3,61,Rainy,2024,8,8
09-08-2024,31.8,25.2,30.8,8.4,65,Heavy Rainy,2024,8,9
10-08-2024,31.2,24.9,16.7,9.8,63,Rainy,2024,8,10
11-08-2024,30.9,25.5,11.4,11.1,63,Rainy,2024,8,11
12-08-2024,30,25.5,10.9,13.6,63,Rainy,2024,8,12
13-08-2024,30.8,25.2,9.1,15.1,63,Rainy,2024,8,13
14-08-2024,30.6,25.9,7.8,10.8,63,Rainy,2024,8,14
15-08-2024,32.2,25.9,10.9,14.1,63,Rainy,2024,8,15
16-08-2024,32.3,25.5,15,15.5,63,Rainy,2024,8,16
17-08-2024,31.9,25.7,7.7,9.6,63,Rainy,2024,8,17
18-08-2024,32.7,26.2,2.3,14.7,55,Sunny,2024,8,18
19-08-2024,32.7,26.1,1.6,17,53,Sunny,2024,8,19
20-08-2024,31.6,26.4,4.3,12.7,61,Sunny,2024,8,20
21-08-2024,32,25,5.4,8.7,61,Rainy,2024,8,21
22-08-2024,32.8,24.7,7,10.7,63,Rainy,2024,8,22
23-08-2024,30.7,24.9,0.9,10.5,53,Sunny,2024,8,23
24-08-2024,31.5,25.3,8.8,16.6,63,Rainy,2024,8,24
25-08-2024,32.2,24.9,15.2,22,63,Rainy,2024,8,25
26-08-2024,31.5,26,3.8,22.7,61,Sunny,2024,8,26
27-08-2024,31.1,24.3,11.1,24.1,63,Rainy,2024,8,27
28-08-2024,30.2,24.2,7.9,16.2,63,Rainy,2024,8,28
29-08-2024,30.9,24.4,19.5,19.4,63,Rainy,2024,8,29
30-08-2024,31.2,25,7.5,9.1,63,Rainy,2024,8,30
31-08-2024,33.3,25.6,0,13.3,3,Sunny,2024,8,31
01-09-2024,33.5,25.9,0.1,13.9,51,Sunny,2024,9,1
02-09-2024,31.5,25.1,11.7,14.1,63,Rainy,2024,9,2
03-09-2024,31.5,25.4,17.8,13.4,65,Rainy,2024,9,3
04-09-2024,30.8,24.4,0.9,10.6,51,Sunny,2024,9,4
05-09-2024,31.5,24.8,2.9,12.8,55,Sunny,2024,9,5
06-09-2024,30.5,24.2,14.7,15.6,63,Rainy,2024,9,6
07-09-2024,30.4,24.1,23.6,11.8,63,Heavy Rainy,2024,9,7
08-09-2024,31.3,24.4,14.1,10.3,63,Rainy,2024,9,8
09-09-2024,32.7,25.1,3.4,13.2,63,Sunny,2024,9,9
10-09-2024,30.6,24.9,11.8,11.5,63,Rainy,2024,9,10
11-09-2024,31.6,25,26.7,16.6,65,Heavy Rainy,2024,9,11
12-09-2024,27.2,23.9,100.8,24.4,65,Heavy Rainy,2024,9,12
13-09-2024,30,23.3,54.7,22.7,65,Heavy Rainy,2024,9,13
14-09-2024,29.9,22.5,4.7,18.7,63,Sunny,2024,9,14
15-09-2024,31.2,22.5,0.1,19.8,51,Sunny,2024,9,15
16-09-2024,32.1,23.7,0,17.3,0,Sunny,2024,9,16
17-09-2024,31.5,23.9,0,11.6,3,Sunny,2024,9,17
18-09-2024,27.7,22.8,62.7,17.9,65,Heavy Rainy,2024,9,18
19-09-2024,29.8,22.8,3.7,15.7,63,Sunny,2024,9,19
20-09-2024,31,24,0,12.2,3,Sunny,2024,9,20
21-09-2024,31.6,24.8,0.2,9.2,51,Sunny,2024,9,21
22-09-2024,33,25.3,0,6.9,3,Sunny,2024,9,22
23-09-2024,33.3,25,0,10.7,0,Sunny,2024,9,23
24-09-2024,33.5,25.2,0,6.9,1,Sunny,2024,9,24
25-09-2024,33,26.4,0.4,16.1,51,Sunny,2024,9,25
26-09-2024,31.4,25.2,0.4,13.2,51,Sunny,2024,9,26
27-09-2024,30.9,24.8,0.8,16,51,Sunny,2024,9,27
28-09-2024,30.5,23,0,11.6,3,Sunny,2024,9,28
29-09-2024,30.6,22.6,0.3,10.1,51,Sunny,2024,9,29
30-09-2024,32.7,23.5,0,15.2,3,Sunny,2024,9,30
01-10-2024,33.2,24,0,14.9,0,Sunny,2024,10,1
02-10-2024,34.6,24.6,0,17.7,0,Sunny,2024,10,2
03-10-2024,33.9,24.5,0,18.4,0,Sunny,2024,10,3
04-10-2024,33.5,23.8,0,13.4,0,Sunny,2024,10,4
05-10-2024,33.5,24.2,0,17.8,1,Sunny,2024,10,5
06-10-2024,33.5,23.7,0,15.9,1,Sunny,2024,10,6
07-10-2024,32.3,21.9,0,9.1,0,Sunny,2024,10,7
08-10-2024,32.5,22.2,0,10,0,Sunny,2024,10,8
09-10-2024,32.2,20.5,0,14.8,0,Sunny,2024,10,9
10-10-2024,32.3,21,0,13.9,3,Sunny,2024,10,10
11-10-2024,31.6,19,0,13.7,2,Sunny,2024,10,11
12-10-2024,32,19.1,0,10.6,0,Sunny,2024,10,12
13-10-2024,32,19.7,0,8.7,3,Sunny,2024,10,13
14-10-2024,31.8,20.5,0,10.4,2,Sunny,2024,10,14
15-10-2024,31.9,19.4,0,13.1,0,Sunny,2024,10,15
16-10-2024,32.3,19.6,0,9,3,Sunny,2024,10,16
17-10-2024,32.8,20.6,0,9.2,3,Sunny,2024,10,17
18-10-2024,33.3,20.1,0,10.1,0,Sunny,2024,10,18
19-10-2024,33.7,21,0,9.9,0,Sunny,2024,10,19
20-10-2024,33,20.2,0,10.5,1,Sunny,2024,10,20
21-10-2024,32.3,20,0,9.1,0,Sunny,2024,10,21
22-10-2024,31.5,20,0,9.5,0,Sunny,2024,10,22
23-10-2024,32.1,20,0,17.5,0,Sunny,2024,10,23
24-10-2024,32.6,20.2,0,14.8,0,Sunny,2024,10,24
25-10-2024,32,19,0,17.9,0,Sunny,2024,10,25
26-10-2024,31.5,19,0,13.2,0,Sunny,2024,10,26
27-10-2024,31,20.4,0,8.5,0,Sunny,2024,10,27
28-10-2024,31.4,21,0,10.9,0,Sunny,2024,10,28
29-10-2024,32.8,20.6,0,8.9,0,Sunny,2024,10,29
30-10-2024,34.3,21.3,0,12.4,0,Sunny,2024,10,30
31-10-2024,32.8,20.8,0,18,0,Sunny,2024,10,31
01-11-2024,32,19.3,0,17.6,0,Sunny,2024,11,1
02-11-2024,31.7,17.7,0,10.7,0,Sunny,2024,11,2
03-11-2024,31.3,18.2,0,9.3,0,Sunny,2024,11,3
04-11-2024,30.4,17.5,0,9.5,0,Sunny,2024,11,4
05-11-2024,29.4,18.1,0,10.5,0,Sunny,2024,11,5
06-11-2024,30.2,18,0,8.9,0,Sunny,2024,11,6
07-11-2024,30.1,19,0,7.4,0,Sunny,2024,11,7
08-11-2024,30.2,19,0,8.1,0,Sunny,2024,11,8
09-11-2024,30.5,19.6,0,11.4,0,Sunny,2024,11,9
10-11-2024,30.1,19.3,0,9.6,0,Sunny,2024,11,10
11-11-2024,29.8,18.5,0,8,0,Sunny,2024,11,11
12-11-2024,31.1,19,0,15,0,Sunny,2024,11,12
13-11-2024,30,18.8,0,10.5,0,Sunny,2024,11,13
14-11-2024,30,19,0,9.6,0,Sunny,2024,11,14
15-11-2024,29,18.6,0,12.6,0,Sunny,2024,11,15
16-11-2024,28.8,17.5,0,10.5,0,Sunny,2024,11,16
17-11-2024,28.5,18,0,8.9,0,Sunny,2024,11,17
18-11-2024,26.4,15.9,0,7.8,0,Clear Sky,2024,11,18
19-11-2024,25.9,14.2,0,8.7,0,Clear Sky,2024,11,19
20-11-2024,25.9,13.6,0,8.3,0,Clear Sky,2024,11,20
21-11-2024,25.8,13.6,0,7.7,0,Clear Sky,2024,11,21
22-11-2024,26.2,13.9,0,7,0,Clear Sky,2024,11,22
23-11-2024,27.5,14.1,0,6,0,Clear Sky,2024,11,23
24-11-2024,27.6,15.6,0,10.6,0,Clear Sky,2024,11,24
25-11-2024,25.9,15.1,0,11,0,Clear Sky,2024,11,25
26-11-2024,25.5,13.9,0,10.4,0,Clear Sky,2024,11,26
27-11-2024,26,13.6,0,8.1,0,Clear Sky,2024,11,27
28-11-2024,25.5,12.8,0,6.5,0,Clear Sky,2024,11,28
29-11-2024,24.5,12.4,0,5.1,0,Clear Sky,2024,11,29
30-11-2024,24.9,12.4,0,8,0,Clear Sky,2024,11,30
01-12-2024,24.8,14,0,8.1,0,Clear Sky,2024,12,1
02-12-2024,25.8,13.3,0,7.1,0,Clear Sky,2024,12,2
03-12-2024,26.5,13.5,0,10.7,0,Clear Sky,2024,12,3
04-12-2024,25.5,15.2,0,14.2,0,Clear Sky,2024,12,4
05-12-2024,23.6,11.9,0,12.7,0,Clear Sky,2024,12,5
06-12-2024,23.5,11.3,0,12,0,Clear Sky,2024,12,6
07-12-2024,23.1,9.6,0,5,0,Clear Sky,2024,12,7
08-12-2024,22.2,11,1.5,13.1,55,Heavy Drizzle,2024,12,8
09-12-2024,20.2,10.4,0,8.7,0,Clear Sky,2024,12,9
10-12-2024,20,9.8,0,13,0,Clear Sky,2024,12,10
11-12-2024,20.1,8.2,0,10.5,0,Clear Sky,2024,12,11
12-12-2024,20.5,7.7,0,10.1,0,Clear Sky,2024,12,12
13-12-2024,20.6,9.2,0,15.1,0,Clear Sky,2024,12,13
14-12-2024,20.6,8.6,0,12.5,0,Clear Sky,2024,12,14
15-12-2024,21.1,7.2,0,6.5,0,Clear Sky,2024,12,15
16-12-2024,21,7,0,5.9,0,Clear Sky,2024,12,16
17-12-2024,20.6,7.7,0,4.4,3,Cloudy,2024,12,17
18-12-2024,20.9,7.6,0,7.2,3,Cloudy,2024,12,18
19-12-2024,20.8,8,0,8.3,0,Clear Sky,2024,12,19
20-12-2024,23.2,10.2,0,6.5,0,Clear Sky,2024,12,20
21-12-2024,22.1,9.2,0,7.3,1,Pleasant,2024,12,21
22-12-2024,22.5,10.4,0,7.2,3,Cloudy,2024,12,22
23-12-2024,17.6,11.6,1.4,10.1,55,Cold,2024,12,23
24-12-2024,18.6,11.4,0.5,8.9,51,Light Drizzle,2024,12,24
25-12-2024,20.6,10.8,0,7.6,1,Pleasant,2024,12,25
26-12-2024,22.5,9.9,0,4.8,3,Cloudy,2024,12,26
27-12-2024,17,13.8,29.9,11.3,63,Heavy Rainy,2024,12,27
28-12-2024,18,12.2,4.6,7.8,63,Cold,2024,12,28
29-12-2024,18.2,10.6,0,9.6,3,Cloudy,2024,12,29
30-12-2024,18,9.6,0,11,3,Cold,2024,12,30
31-12-2024,16,7.5,0,5.1,3,Cold,2024,12,31
01-01-2025,16.8,7.7,0,9.4,3,Cold,2025,1,1
02-01-2025,18.2,8.4,0,10.1,3,Cloudy,2025,1,2
03-01-2025,19.6,8.6,0,6.1,3,Cloudy,2025,1,3
04-01-2025,21.1,8.4,0,7.3,3,Cloudy,2025,1,4
05-01-2025,18.1,9.1,0,9.1,3,Cloudy,2025,1,5
06-01-2025,18,8.8,4.9,9.3,63,Cold,2025,1,6
07-01-2025,17.5,10.2,0,13.8,3,Cold,2025,1,7
08-01-2025,18.4,8.7,0,11.1,0,Clear Sky,2025,1,8
09-01-2025,18.6,7.9,0,4.9,0,Clear Sky,2025,1,9
10-01-2025,17.9,7.8,0,6.4,3,Cold,2025,1,10
11-01-2025,16.8,7.9,3.9,14.1,61,Cold,2025,1,11
12-01-2025,18,9.8,0.1,6.2,51,Cold,2025,1,12
13-01-2025,19,9.1,0,8.6,3,Cloudy,2025,1,13
14-01-2025,18.2,8.6,0,8.1,0,Clear Sky,2025,1,14
15-01-2025,18.4,9.1,2.9,6.3,61,Rainy,2025,1,15
16-01-2025,18,11.1,0.7,6.2,51,Cold,2025,1,16
17-01-2025,18.9,9.2,0,9.3,0,Clear Sky,2025,1,17
18-01-2025,17.8,7.8,0,8.6,3,Cold,2025,1,18
19-01-2025,21.2,8.9,0,5.5,3,Cloudy,2025,1,19
20-01-2025,21.9,11.7,0,10.2,1,Pleasant,2025,1,20
21-01-2025,21.9,11.1,0,10,0,Clear Sky,2025,1,21
22-01-2025,22.8,10.4,0,6.6,1,Pleasant,2025,1,22
23-01-2025,21.9,11.7,1.6,11.1,61,Rainy,2025,1,23
24-01-2025,20.9,10.4,0,12.9,0,Clear Sky,2025,1,24
25-01-2025,20.8,9,0,11.6,0,Clear Sky,2025,1,25
26-01-2025,21,8.1,0,10.1,0,Clear Sky,2025,1,26
27-01-2025,21.5,7.8,0,9.5,0,Clear Sky,2025,1,27
28-01-2025,22.9,7.9,0,8.3,0,Clear Sky,2025,1,28
29-01-2025,24,10.2,0,9.7,0,Clear Sky,2025,1,29
30-01-2025,24.8,11.3,0,7.6,0,Clear Sky,2025,1,30
31-01-2025,26.2,12.1,0,8.1,3,Cloudy,2025,1,31
01-02-2025,25.5,12.7,0,15.6,3,Cloudy,2025,2,1
02-02-2025,23.6,13.7,0,11.3,2,Pleasant,2025,2,2
03-02-2025,22.8,10.8,1.7,6.5,61,Rainy,2025,2,3
04-02-2025,22.9,12.9,0.7,8.9,53,Drizzle,2025,2,4
05-02-2025,21.4,11.9,0.3,12,51,Light Drizzle,2025,2,5
06-02-2025,21.1,11.4,0,16.8,2,Pleasant,2025,2,6
07-02-2025,20.8,10.6,0,17.3,2,Pleasant,2025,2,7
08-02-2025,23.3,11.1,0,12.6,3,Cloudy,2025,2,8
09-02-2025,25.1,10.8,0,8.1,1,Pleasant,2025,2,9
10-02-2025,27.1,11.6,0,7.1,3,Cloudy,2025,2,10
11-02-2025,27.9,12.2,0,9.5,2,Pleasant,2025,2,11
12-02-2025,25.2,13.6,0,16.2,0,Clear Sky,2025,2,12
13-02-2025,23.6,13.7,0,16.1,0,Clear Sky,2025,2,13
14-02-2025,24.6,12.3,0,14.1,3,Cloudy,2025,2,14
15-02-2025,25.6,13,0,10.3,3,Cloudy,2025,2,15
16-02-2025,26.6,13.4,0,8.4,3,Cloudy,2025,2,16
17-02-2025,28.8,16.2,0,7.9,3,Sunny,2025,2,17
18-02-2025,26.4,16.8,0,9.6,3,Cloudy,2025,2,18
19-02-2025,27,14.1,1,8.5,53,Drizzle,2025,2,19
20-02-2025,23.6,15.1,7.1,16.6,61,Rainy,2025,2,20
21-02-2025,25,13.7,0.4,11.2,51,Light Drizzle,2025,2,21
22-02-2025,23.9,13.5,0,11.9,3,Cloudy,2025,2,22
23-02-2025,25,13.2,0,9.1,0,Clear Sky,2025,2,23
24-02-2025,26.9,13.3,0,10.3,3,Cloudy,2025,2,24
25-02-2025,28.1,14.4,0,7.4,3,Sunny,2025,2,25
26-02-2025,30,17.9,0,8.9,3,Sunny,2025,2,26
27-02-2025,23.4,19.1,1,17.1,53,Drizzle,2025,2,27
28-02-2025,23.4,18.2,3.3,12.9,61,Rainy,2025,2,28
01-03-2025,24,15.5,7.7,15.8,63,Rainy,2025,3,1
02-03-2025,24.5,15.4,0,13.2,0,Clear Sky,2025,3,2
03-03-2025,26.9,12.8,0,7.8,2,Pleasant,2025,3,3
04-03-2025,24.4,15.6,0,17,2,Pleasant,2025,3,4
05-03-2025,22.8,12.6,0,22.7,0,Clear Sky,2025,3,5
06-03-2025,26.5,12.8,0,14.2,0,Clear Sky,2025,3,6
07-03-2025,28.4,12.5,0,9.5,0,Sunny,2025,3,7
08-03-2025,30.1,14.6,0,12,0,Sunny,2025,3,8
09-03-2025,31.8,16.8,0,11.9,0,Sunny,2025,3,9
10-03-2025,31.6,19,0,13.5,3,Sunny,2025,3,10
11-03-2025,34.3,19.5,0,7.1,3,Sunny,2025,3,11
12-03-2025,32.9,19.8,0,12.2,3,Sunny,2025,3,12
13-03-2025,32,21,5.9,14.8,63,Rainy,2025,3,13
14-03-2025,33.2,19,0,13.6,3,Sunny,2025,3,14
15-03-2025,30.3,19,0.5,15,51,Sunny,2025,3,15
16-03-2025,29.9,18,0.1,12.9,51,Sunny,2025,3,16
17-03-2025,28.2,17.5,0,14,3,Sunny,2025,3,17
18-03-2025,29.9,17,0,11.8,1,Sunny,2025,3,18
19-03-2025,32.3,17.7,0,11.9,3,Sunny,2025,3,19
20-03-2025,33,19,0,13.9,0,Sunny,2025,3,20
21-03-2025,32,19.4,0,15.5,0,Sunny,2025,3,21
22-03-2025,31.3,18,0,16.1,1,Sunny,2025,3,22
23-03-2025,32.7,18.5,0,10.3,0,Sunny,2025,3,23
24-03-2025,33.8,20,0,8.5,0,Sunny,2025,3,24
25-03-2025,36.4,20.9,0,9.7,0,Hot Sunny,2025,3,25
26-03-2025,37.9,21.8,0,12.2,0,Hot Sunny,2025,3,26
27-03-2025,36.2,24.1,0,12.8,2,Hot Sunny,2025,3,27
28-03-2025,31,21.8,0,15.5,0,Sunny,2025,3,28
29-03-2025,28.9,16.1,0,15.2,3,Sunny,2025,3,29
30-03-2025,31.5,17.5,0,12.6,3,Sunny,2025,3,30
31-03-2025,33.8,17.5,0,13.5,0,Sunny,2025,3,31
01-04-2025,33.3,19,0,13.6,0,Sunny,2025,4,1
02-04-2025,35.7,18.6,0,11.8,0,Hot Sunny,2025,4,2
03-04-2025,37.4,20.4,0,9.4,3,Hot Sunny,2025,4,3
04-04-2025,37,21.6,0,14.2,0,Hot Sunny,2025,4,4
05-04-2025,35.2,22,0,13.8,1,Hot Sunny,2025,4,5
06-04-2025,38,22,0,10.3,3,Hot Sunny,2025,4,6
07-04-2025,39.9,24.4,0,7.6,2,Hot Sunny,2025,4,7
08-04-2025,39.9,25.2,0,9.7,3,Hot Sunny,2025,4,8
09-04-2025,40.7,26,0,12.5,3,Extreme Hot,2025,4,9
10-04-2025,38.9,26.6,1.4,23.3,61,Hot Sunny,2025,4,10
11-04-2025,34.2,22.5,8.1,25.8,63,Rainy,2025,4,11
12-04-2025,34.8,20.5,1.1,9.9,53,Sunny,2025,4,12
13-04-2025,35.3,21,0,5.6,2,Hot Sunny,2025,4,13
14-04-2025,35.6,22.2,0,10.1,0,Hot Sunny,2025,4,14
15-04-2025,36.6,24.6,0,10,2,Hot Sunny,2025,4,15
16-04-2025,38.2,25.5,0,9.5,1,Hot Sunny,2025,4,16
17-04-2025,40.5,26.2,0,15.8,3,Extreme Hot,2025,4,17
18-04-2025,40.8,25.7,0,15.9,3,Extreme Hot,2025,4,18
19-04-2025,39.9,27.4,0,19.7,1,Hot Sunny,2025,4,19
20-04-2025,40,27,0,17.4,1,Extreme Hot,2025,4,20
21-04-2025,40.3,26.3,0,11.9,3,Extreme Hot,2025,4,21
22-04-2025,39.5,24.5,0,12.2,0,Hot Sunny,2025,4,22
23-04-2025,39.2,23.8,0,13.7,0,Hot Sunny,2025,4,23
24-04-2025,40.3,24.4,0,15.3,0,Extreme Hot,2025,4,24
25-04-2025,41.5,25.3,0,14.3,0,Extreme Hot,2025,4,25
26-04-2025,41.5,26,0,18.8,3,Extreme Hot,2025,4,26
27-04-2025,40.8,28.3,0,11.2,3,Extreme Hot,2025,4,27
28-04-2025,41,26.5,0,17.3,3,Extreme Hot,2025,4,28
29-04-2025,37.5,25,0,15,0,Hot Sunny,2025,4,29
30-04-2025,36.8,26.2,0,12.3,3,Hot Sunny,2025,4,30
01-05-2025,37.5,25.9,0,14.7,3,Hot Sunny,2025,5,1
02-05-2025,28.5,21.7,12.4,13.3,63,Rainy,2025,5,2
03-05-2025,35.3,24,3.4,12.3,63,Hot Sunny,2025,5,3
04-05-2025,34.8,24.4,2,11.5,61,Sunny,2025,5,4
05-05-2025,35.6,24.1,0.1,13.4,51,Hot Sunny,2025,5,5
06-05-2025,34.4,22.2,0.4,19.3,51,Sunny,2025,5,6
07-05-2025,33.2,23.6,0.5,10.7,51,Sunny,2025,5,7
08-05-2025,32.3,23.9,2.7,11.6,63,Sunny,2025,5,8
09-05-2025,37,25,1.1,9.8,55,Hot Sunny,2025,5,9
10-05-2025,37.1,26.5,1.5,18.2,61,Hot Sunny,2025,5,10
11-05-2025,38.2,25.1,0,14,1,Hot Sunny,2025,5,11
12-05-2025,39.5,25.5,0,13.5,1,Hot Sunny,2025,5,12
13-05-2025,41.3,28.1,0,18.7,3,Extreme Hot,2025,5,13
14-05-2025,41.2,28.5,0,16.2,0,Extreme Hot,2025,5,14
15-05-2025,41.8,29.6,0,12.2,0,Extreme Hot,2025,5,15
16-05-2025,42.7,28.8,0,18.1,1,Extreme Hot,2025,5,16
17-05-2025,42.8,29.2,0,19.7,1,Extreme Hot,2025,5,17
18-05-2025,42.1,29.5,0,14.4,1,Extreme Hot,2025,5,18
19-05-2025,42,28.1,0,12.8,1,Extreme Hot,2025,5,19
20-05-2025,42.5,28,0,20.6,3,Extreme Hot,2025,5,20
21-05-2025,43,29.8,0,22.6,3,Extreme Hot,2025,5,21
22-05-2025,37,25,0,14.7,1,Hot Sunny,2025,5,22
23-05-2025,38.2,26.4,1.5,14,61,Hot Sunny,2025,5,23
24-05-2025,37.7,28.5,0.4,16.8,51,Hot Sunny,2025,5,24
25-05-2025,31.1,23,0.4,16.2,51,Sunny,2025,5,25
26-05-2025,35.7,24.1,1.8,15.6,53,Hot Sunny,2025,5,26
27-05-2025,36,26.2,0,8.8,0,Hot Sunny,2025,5,27
28-05-2025,39.5,27.4,0,11.3,2,Hot Sunny,2025,5,28
29-05-2025,40,27.5,0.3,8.8,51,Extreme Hot,2025,5,29
30-05-2025,36.1,27,0,13.2,3,Hot Sunny,2025,5,30
31-05-2025,39.7,26.1,1,14.4,55,Hot Sunny,2025,5,31
01-06-2025,37.3,26.4,4.2,18.6,63,Hot Sunny,2025,6,1
02-06-2025,37,24.1,0.3,10.3,51,Hot Sunny,2025,6,2
03-06-2025,34.6,25.8,0,12.3,3,Sunny,2025,6,3
04-06-2025,36.4,24.5,0.3,19.8,51,Hot Sunny,2025,6,4
05-06-2025,37.2,24.4,0,9.4,2,Hot Sunny,2025,6,5
06-06-2025,37.8,25.9,0,10.2,1,Hot Sunny,2025,6,6
07-06-2025,41.2,28,0,10.4,1,Extreme Hot,2025,6,7
08-06-2025,42.8,29.5,0,14.6,0,Extreme Hot,2025,6,8
09-06-2025,43.7,30,0,16.5,0,Extreme Hot,2025,6,9
10-06-2025,43,30,0,14.4,0,Extreme Hot,2025,6,10
11-06-2025,43.5,30.1,0,11.6,0,Extreme Hot,2025,6,11
12-06-2025,43.1,31.1,0.5,11.7,51,Extreme Hot,2025,6,12
13-06-2025,41.1,31.3,0,13.4,2,Extreme Hot,2025,6,13
14-06-2025,42.8,30.5,0.3,13.5,51,Extreme Hot,2025,6,14
15-06-2025,37.9,29.6,1.3,18.5,53,Hot Sunny,2025,6,15
16-06-2025,32,24.8,25.6,13.8,65,Heavy Rainy,2025,6,16
17-06-2025,33.7,25.1,16.9,11.1,63,Rainy,2025,6,17
18-06-2025,33.2,24,5.3,7.8,55,Rainy,2025,6,18
19-06-2025,32.7,27,0.1,9.9,51,Sunny,2025,6,19
20-06-2025,31.6,25.5,1.2,13.8,53,Sunny,2025,6,20
21-06-2025,34.7,26.2,1.6,7.3,61,Sunny,2025,6,21
22-06-2025,34,28,0.8,8.1,53,Sunny,2025,6,22
23-06-2025,35.7,27.8,0.1,8.6,51,Hot Sunny,2025,6,23
24-06-2025,36.1,27.2,1.1,7.6,51,Hot Sunny,2025,6,24
25-06-2025,32.1,26.5,12.9,12,65,Rainy,2025,6,25
26-06-2025,34.5,26,11.5,11.6,63,Rainy,2025,6,26
27-06-2025,33.7,27.6,0.5,8.8,51,Sunny,2025,6,27
28-06-2025,35.8,25.6,8.3,8.5,63,Rainy,2025,6,28
29-06-2025,33.3,26.1,16.2,12.4,63,Rainy,2025,6,29
30-06-2025,31.7,25.4,17.3,10.1,63,Rainy,2025,6,30
01-07-2025,33.2,25,9.1,10.1,63,Rainy,2025,7,1
02-07-2025,33.2,26.9,1.1,10.3,51,Sunny,2025,7,2
03-07-2025,33.5,26.5,0.9,11,51,Sunny,2025,7,3
04-07-2025,34.2,26.6,0.3,8.4,51,Sunny,2025,7,4
05-07-2025,35.2,26.5,3.4,7.1,61,Hot Sunny,2025,7,5
06-07-2025,35.7,26.7,7.4,8.1,63,Rainy,2025,7,6
07-07-2025,33.2,25.9,13.5,6.6,63,Rainy,2025,7,7
08-07-2025,34,27,0,9.2,3,Sunny,2025,7,8
09-07-2025,31.6,27,14.9,10.2,65,Rainy,2025,7,9
10-07-2025,29.6,25.5,3.6,8.5,53,Sunny,2025,7,10
11-07-2025,31.5,25.5,0.4,4.2,51,Sunny,2025,7,11
12-07-2025,33.5,26.5,2.7,9.3,63,Sunny,2025,7,12
13-07-2025,32.5,26.2,18.6,11,63,Rainy,2025,7,13
14-07-2025,30.5,25.8,17.6,18.7,63,Rainy,2025,7,14
15-07-2025,32.2,25.5,7.3,17.2,63,Rainy,2025,7,15
16-07-2025,32.3,25.2,8.2,11.8,63,Rainy,2025,7,16
17-07-2025,31,26.8,1.4,12.9,53,Sunny,2025,7,17
18-07-2025,31.6,26.4,4.1,18.3,63,Sunny,2025,7,18
19-07-2025,32.2,25.8,0,16.6,3,Sunny,2025,7,19
20-07-2025,34.2,26.1,0,8.8,3,Sunny,2025,7,20
21-07-2025,31.5,26.5,0.4,6.6,51,Sunny,2025,7,21
22-07-2025,34.8,26,0.2,9,51,Sunny,2025,7,22
23-07-2025,33.2,27,1.2,10.5,53,Sunny,2025,7,23
24-07-2025,35.5,25.4,1.5,11.8,53,Hot Sunny,2025,7,24
25-07-2025,36.3,26.5,0.5,10.6,53,Hot Sunny,2025,7,25
26-07-2025,35.3,26.9,2.3,11.7,61,Hot Sunny,2025,7,26
27-07-2025,36.2,28.8,0.9,12.3,51,Hot Sunny,2025,7,27
28-07-2025,36.5,28.1,1.6,9.7,53,Hot Sunny,2025,7,28
29-07-2025,32.8,27.2,3.8,7.6,53,Sunny,2025,7,29
30-07-2025,31.5,26.1,15.3,10.4,63,Rainy,2025,7,30
31-07-2025,31.5,25.3,29.2,9.9,65,Heavy Rainy,2025,7,31
01-08-2025,32,25.5,7.5,10.6,63,Rainy,2025,8,1
02-08-2025,32.4,26,0.9,10.9,53,Sunny,2025,8,2
03-08-2025,33,26.8,0.7,11.8,53,Sunny,2025,8,3
04-08-2025,31,26.1,0.1,12.1,51,Sunny,2025,8,4
05-08-2025,30,26.9,8.3,10.9,63,Rainy,2025,8,5
06-08-2025,32,26.2,0.5,9,51,Sunny,2025,8,6
07-08-2025,33.9,26,0,12.8,3,Sunny,2025,8,7
08-08-2025,33,26.4,0,11.9,3,Sunny,2025,8,8
09-08-2025,30.5,26.1,8.9,7.2,63,Rainy,2025,8,9
10-08-2025,32.1,25.9,1.7,5.9,51,Sunny,2025,8,10
11-08-2025,33.8,26.5,1.6,11.3,61,Sunny,2025,8,11
12-08-2025,33.2,26.3,3.9,11.4,55,Sunny,2025,8,12
13-08-2025,33.3,26.9,0,8.5,3,Sunny,2025,8,13
14-08-2025,29.5,26.3,8.2,7.5,63,Rainy,2025,8,14
15-08-2025,31.6,25.2,4.6,7,61,Sunny,2025,8,15
16-08-2025,31.1,26.4,4.1,8.3,63,Sunny,2025,8,16
17-08-2025,32,27.3,3.6,10.3,63,Sunny,2025,8,17
18-08-2025,31.8,27.1,9,14.2,63,Rainy,2025,8,18
19-08-2025,31.9,26.6,5.4,11.6,63,Rainy,2025,8,19
20-08-2025,32.7,26.8,5.6,12.3,61,Rainy,2025,8,20
21-08-2025,33.5,25.6,13.8,12.8,65,Rainy,2025,8,21
22-08-2025,34.2,25.2,3.3,7.6,61,Sunny,2025,8,22
23-08-2025,32.6,25.6,13.2,11.2,63,Rainy,2025,8,23
24-08-2025,31.1,25.6,11.8,14.7,63,Rainy,2025,8,24
25-08-2025,29,24.4,19.7,15.9,63,Rainy,2025,8,25
26-08-2025,29.9,25,6.7,18,61,Rainy,2025,8,26
27-08-2025,32.5,25.1,1.4,8.4,53,Sunny,2025,8,27
28-08-2025,32.4,25.3,15.5,9.7,63,Rainy,2025,8,28
29-08-2025,31.2,25,12.6,12.2,63,Rainy,2025,8,29
30-08-2025,31.8,26,3.8,12.3,61,Sunny,2025,8,30
31-08-2025,30,24.5,13.1,15.8,63,Rainy,2025,8,31
01-09-2025,29.2,24,31.5,17.5,63,Heavy Rainy,2025,9,1
02-09-2025,27,23.8,21.7,15.6,63,Heavy Rainy,2025,9,2
03-09-2025,29.4,24,14.7,10.4,65,Rainy,2025,9,3
04-09-2025,31.4,24.2,17.7,12,65,Rainy,2025,9,4
05-09-2025,31,25.2,4.8,17,61,Sunny,2025,9,5
06-09-2025,31.2,24.5,13.3,14.1,63,Rainy,2025,9,6
07-09-2025,31.9,24.8,2.3,11,55,Sunny,2025,9,7
08-09-2025,32,25.1,0.7,6.1,51,Sunny,2025,9,8
09-09-2025,32.3,25.8,0.4,10.8,51,Sunny,2025,9,9
10-09-2025,33.2,25.5,0,15.6,3,Sunny,2025,9,10
11-09-2025,32.8,24.7,0,15.2,3,Sunny,2025,9,11
12-09-2025,33.5,24.6,0.2,11.3,51,Sunny,2025,9,12
13-09-2025,35.2,26.2,0.9,11.5,51,Hot Sunny,2025,9,13
14-09-2025,36.5,27,0.2,12.1,51,Hot Sunny,2025,9,14
15-09-2025,36.4,27.3,0,13.3,3,Hot Sunny,2025,9,15
16-09-2025,36.8,27.2,0.1,10.2,51,Hot Sunny,2025,9,16
17-09-2025,36.4,26.7,0.2,9.5,51,Hot Sunny,2025,9,17
18-09-2025,34.9,25,1.6,8.5,53,Sunny,2025,9,18
19-09-2025,35.5,26.8,0.7,11.5,51,Hot Sunny,2025,9,19
20-09-2025,36.2,26.8,0,14.8,1,Hot Sunny,2025,9,20
21-09-2025,36.3,25.4,0,14.4,1,Hot Sunny,2025,9,21
22-09-2025,36.8,26.1,0,16,0,Hot Sunny,2025,9,22
23-09-2025,36.7,26.1,0,16.7,1,Hot Sunny,2025,9,23
24-09-2025,36,25.8,0,15.6,0,Hot Sunny,2025,9,24
25-09-2025,36.2,25.9,0,13.5,0,Hot Sunny,2025,9,25
26-09-2025,37,25.8,0,14,0,Hot Sunny,2025,9,26
27-09-2025,38.7,27.1,0.1,6.1,51,Hot Sunny,2025,9,27
28-09-2025,36.5,28.3,0,13.5,1,Hot Sunny,2025,9,28
29-09-2025,36.2,27.8,0.2,8.6,51,Hot Sunny,2025,9,29
30-09-2025,34.8,24.4,8,14,63,Rainy,2025,9,30
01-10-2025,33.5,24.5,2.8,13.7,63,Sunny,2025,10,1
02-10-2025,32.4,24.4,1,9.1,51,Sunny,2025,10,2
03-10-2025,33.5,25,0,8.2,3,Sunny,2025,10,3
04-10-2025,34.6,26.3,0.1,12.2,51,Sunny,2025,10,4
05-10-2025,33.9,23.6,0.7,14,53,Sunny,2025,10,5
06-10-2025,29.1,22.2,14.6,14.3,63,Rainy,2025,10,6
07-10-2025,28.5,20.6,5.2,9.8,63,Rainy,2025,10,7
08-10-2025,25.7,20.4,0.2,9.2,51,Light Drizzle,2025,10,8
09-10-2025,28.2,20.5,0.4,8.7,51,Sunny,2025,10,9
10-10-2025,28.5,19.4,0,7.4,0,Sunny,2025,10,10
11-10-2025,29,19.2,0,9.3,1,Sunny,2025,10,11
12-10-2025,30.6,20.5,0,9.9,1,Sunny,2025,10,12
13-10-2025,31.7,20.4,0,5.4,0,Sunny,2025,10,13
14-10-2025,32,21.1,0,5.1,0,Sunny,2025,10,14
15-10-2025,31.9,21.1,0,6,0,Sunny,2025,10,15
16-10-2025,31.6,20.1,0,6.9,0,Sunny,2025,10,16
17-10-2025,32.2,20.4,0,6.3,0,Sunny,2025,10,17
18-10-2025,33.2,21.6,0,5.5,0,Sunny,2025,10,18
19-10-2025,33.6,23,0,10.1,2,Sunny,2025,10,19
20-10-2025,33.1,22.8,0,8.5,0,Sunny,2025,10,20
21-10-2025,30.4,22.7,0.4,7.1,51,Sunny,2025,10,21
22-10-2025,32,23.5,0,9.2,1,Sunny,2025,10,22
23-10-2025,31.8,21.1,0,9.7,0,Sunny,2025,10,23
24-10-2025,32.2,20.1,0,6.5,0,Sunny,2025,10,24
25-10-2025,31.7,19.6,0,6.4,0,Sunny,2025,10,25
26-10-2025,31.5,18.9,0,7.1,3,Sunny,2025,10,26
27-10-2025,30.2,20.2,0,14.3,3,Sunny,2025,10,27
28-10-2025,26.6,21.2,0,6.9,3,Cloudy,2025,10,28
29-10-2025,29.2,20.2,0,8.6,3,Sunny,2025,10,29
30-10-2025,27.3,22.5,0.1,6.3,51,Light Drizzle,2025,10,30
31-10-2025,30.3,21.4,0.1,6.9,51,Sunny,2025,10,31
01-11-2025,30.9,20.8,0,10.2,0,Sunny,2025,11,1
02-11-2025,29.4,19.2,0,12.8,0,Sunny,2025,11,2
03-11-2025,30.5,17.9,0,14.1,0,Sunny,2025,11,3
04-11-2025,28.6,18.9,0,11,3,Sunny,2025,11,4
05-11-2025,29.5,18.9,0,10.9,1,Sunny,2025,11,5
06-11-2025,26,15.8,0,10.7,0,Clear Sky,2025,11,6
07-11-2025,27.2,14.8,0,10,0,Clear Sky,2025,11,7
08-11-2025,26.8,13.9,0,10.7,0,Clear Sky,2025,11,8
09-11-2025,26.8,14.1,0,9.3,0,Clear Sky,2025,11,9
10-11-2025,27,13.9,0,8.8,3,Cloudy,2025,11,10
11-11-2025,27.4,13.6,0,10.6,0,Clear Sky,2025,11,11
12-11-2025,27.5,14,0,12.8,0,Clear Sky,2025,11,12
13-11-2025,26.2,13.1,0,9.9,0,Clear Sky,2025,11,13
14-11-2025,26,13.3,0,9.7,0,Clear Sky,2025,11,14
15-11-2025,26.5,12.8,0,10.3,0,Clear Sky,2025,11,15
16-11-2025,26.8,12.2,0,11.6,0,Clear Sky,2025,11,16
17-11-2025,26,12.2,0,6.8,0,Clear Sky,2025,11,17
18-11-2025,25.8,13.5,0,7.8,0,Clear Sky,2025,11,18
19-11-2025,26,13.2,0,5.9,1,Pleasant,2025,11,19
20-11-2025,26,14.1,0,5.6,0,Clear Sky,2025,11,20
21-11-2025,26.1,14.5,0,6.1,0,Clear Sky,2025,11,21
22-11-2025,26.1,14.1,0,8.2,0,Clear Sky,2025,11,22
23-11-2025,25.9,13.1,0,8.1,0,Clear Sky,2025,11,23
24-11-2025,25,12.2,0,6.9,0,Clear Sky,2025,11,24
25-11-2025,24,11.4,0,8.7,0,Clear Sky,2025,11,25
26-11-2025,23.9,11.1,0,5.4,0,Clear Sky,2025,11,26
27-11-2025,24.4,12.6,0,3.4,0,Clear Sky,2025,11,27
28-11-2025,25.2,11.4,0,7.7,2,Pleasant,2025,11,28
29-11-2025,25.9,13.6,0,11.5,0,Clear Sky,2025,11,29
30-11-2025,23.5,11.7,0,12.9,3,Cloudy,2025,11,30
01-12-2025,24.3,9.9,0,6.5,0,Clear Sky,2025,12,1
02-12-2025,25.2,12.6,0,7.5,1,Pleasant,2025,12,2
03-12-2025,22.9,10.2,0,10.4,2,Pleasant,2025,12,3
04-12-2025,21.9,9.8,0,10.5,3,Cloudy,2025,12,4
05-12-2025,21.8,8.6,0,7.5,0,Clear Sky,2025,12,5
06-12-2025,23.5,10.2,0,12.9,3,Cloudy,2025,12,6
07-12-2025,24.1,10.7,0,10.4,3,Cloudy,2025,12,7
08-12-2025,25.2,12.1,0,12.6,3,Cloudy,2025,12,8
09-12-2025,24.5,11.6,0,12.7,0,Clear Sky,2025,12,9
10-12-2025,24,11.8,0,10.3,3,Cloudy,2025,12,10
11-12-2025,24.6,10.8,0,10.4,0,Clear Sky,2025,12,11
12-12-2025,24.4,10.4,0,5.6,3,Cloudy,2025,12,12
13-12-2025,24.5,12.7,0,4.5,3,Cloudy,2025,12,13
14-12-2025,24.1,11.2,0,4.5,3,Cloudy,2025,12,14
15-12-2025,23.3,10.5,0,8.3,3,Cloudy,2025,12,15
16-12-2025,23.3,11.6,0,11.7,0,Clear Sky,2025,12,16
17-12-2025,23.8,11.4,0,10.5,0,Clear Sky,2025,12,17
18-12-2025,22.5,11.6,0,8.3,3,Cloudy,2025,12,18
19-12-2025,21.9,11.2,0,7.7,3,Cloudy,2025,12,19
20-12-2025,21.8,9.5,0,6.9,3,Cloudy,2025,12,20
21-12-2025,20.4,10.7,0,6,3,Cloudy,2025,12,21
22-12-2025,21.3,11.4,0,5.2,3,Cloudy,2025,12,22
23-12-2025,23,11.6,0,10.4,3,Cloudy,2025,12,23
24-12-2025,21.1,11.6,0,12.1,0,Clear Sky,2025,12,24
25-12-2025,21,9.2,0,8,3,Cloudy,2025,12,25
26-12-2025,21,9.9,0,8.4,3,Cloudy,2025,12,26
27-12-2025,20.5,9.7,0,7.6,3,Cloudy,2025,12,27
28-12-2025,20.5,9.4,0,6.3,3,Cloudy,2025,12,28
29-12-2025,19.9,10.6,0,5.6,3,Cloudy,2025,12,29
30-12-2025,20.4,9.6,0,7.6,3,Cloudy,2025,12,30
31-12-2025,19.4,9.1,0,11.2,3,Cloudy,2025,12,31
